Fetching 22 files:   0%|          | 0/22 [00:00<?, ?it/s]Fetching 22 files: 100%|██████████| 22/22 [00:00<00:00, 193447.98it/s]
[extract] found 16 rollout(s) on disk: [0, 1, 2, 3, 4, 5, 6, 7, 8, 9, 10, 11, 12, 13, 14, 15]
Loading checkpoint shards:   0%|          | 0/4 [00:00<?, ?it/s]Loading checkpoint shards:   0%|          | 0/4 [00:00<?, ?it/s]Loading checkpoint shards:   0%|          | 0/4 [00:00<?, ?it/s]Loading checkpoint shards:   0%|          | 0/4 [00:00<?, ?it/s]Loading checkpoint shards: 100%|██████████| 4/4 [00:00<00:00, 40.79it/s]
Loading checkpoint shards: 100%|██████████| 4/4 [00:00<00:00, 40.69it/s]
Loading checkpoint shards: 100%|██████████| 4/4 [00:00<00:00, 41.61it/s]
Loading checkpoint shards: 100%|██████████| 4/4 [00:00<00:00, 40.98it/s]
Loading checkpoint shards:   0%|          | 0/4 [00:00<?, ?it/s]Loading checkpoint shards:   0%|          | 0/4 [00:00<?, ?it/s]Loading checkpoint shards: 100%|██████████| 4/4 [00:00<00:00, 39.80it/s]Loading checkpoint shards: 100%|██████████| 4/4 [00:00<00:00, 39.75it/s]
Loading checkpoint shards: 100%|██████████| 4/4 [00:00<00:00, 39.85it/s]Loading checkpoint shards: 100%|██████████| 4/4 [00:00<00:00, 39.80it/s]
Loading checkpoint shards:   0%|          | 0/4 [00:00<?, ?it/s]Loading checkpoint shards:   0%|          | 0/4 [00:00<?, ?it/s]Loading checkpoint shards: 100%|██████████| 4/4 [00:00<00:00, 41.07it/s]
Loading checkpoint shards: 100%|██████████| 4/4 [00:00<00:00, 41.12it/s]
[worker 0] model=internvl_image dataset=coco gpu=0 rollouts=[0, 1, 2, 3, 4, 5, 6, 7, 8, 9, 10, 11, 12, 13, 14, 15] L=36 H=32
[worker 6] model=internvl_image dataset=coco gpu=6 rollouts=[0, 1, 2, 3, 4, 5, 6, 7, 8, 9, 10, 11, 12, 13, 14, 15] L=36 H=32
[worker 3] model=internvl_image dataset=coco gpu=3 rollouts=[0, 1, 2, 3, 4, 5, 6, 7, 8, 9, 10, 11, 12, 13, 14, 15] L=36 H=32
[worker 7] model=internvl_image dataset=coco gpu=7 rollouts=[0, 1, 2, 3, 4, 5, 6, 7, 8, 9, 10, 11, 12, 13, 14, 15] L=36 H=32
[worker 4] model=internvl_image dataset=coco gpu=4 rollouts=[0, 1, 2, 3, 4, 5, 6, 7, 8, 9, 10, 11, 12, 13, 14, 15] L=36 H=32
[worker 2] model=internvl_image dataset=coco gpu=2 rollouts=[0, 1, 2, 3, 4, 5, 6, 7, 8, 9, 10, 11, 12, 13, 14, 15] L=36 H=32
[worker 1] model=internvl_image dataset=coco gpu=1 rollouts=[0, 1, 2, 3, 4, 5, 6, 7, 8, 9, 10, 11, 12, 13, 14, 15] L=36 H=32
[worker 5] model=internvl_image dataset=coco gpu=5 rollouts=[0, 1, 2, 3, 4, 5, 6, 7, 8, 9, 10, 11, 12, 13, 14, 15] L=36 H=32
[worker 1] rollout 0 [25/625] done=25
[worker 5] rollout 0 [25/625] done=25
[worker 4] rollout 0 [25/625] done=25
[worker 6] rollout 0 [25/625] done=25
[worker 2] rollout 0 [25/625] done=25
[worker 7] rollout 0 [25/625] done=25
[worker 3] rollout 0 [25/625] done=25
[worker 0] rollout 0 [25/625] done=25
[worker 1] rollout 0 [50/625] done=50
[worker 5] rollout 0 [50/625] done=50
[worker 2] rollout 0 [50/625] done=50
[worker 4] rollout 0 [50/625] done=50
[worker 0] rollout 0 [50/625] done=50
[worker 6] rollout 0 [50/625] done=50
[worker 3] rollout 0 [50/625] done=50
[worker 7] rollout 0 [50/625] done=50
[worker 1] rollout 0 [75/625] done=75
[worker 5] rollout 0 [76/625] done=75
[worker 4] rollout 0 [75/625] done=75
[worker 2] rollout 0 [75/625] done=75
[worker 0] rollout 0 [75/625] done=75
[worker 6] rollout 0 [75/625] done=75
[worker 3] rollout 0 [75/625] done=75
[worker 7] rollout 0 [75/625] done=75
[worker 5] rollout 0 [101/625] done=100
[worker 4] rollout 0 [100/625] done=100
[worker 2] rollout 0 [100/625] done=100
[worker 1] rollout 0 [100/625] done=100
[worker 0] rollout 0 [100/625] done=100
[worker 6] rollout 0 [100/625] done=100
[worker 3] rollout 0 [100/625] done=100
[worker 7] rollout 0 [100/625] done=100
[worker 4] rollout 0 [125/625] done=125
[worker 5] rollout 0 [126/625] done=125
[worker 1] rollout 0 [125/625] done=125
[worker 2] rollout 0 [125/625] done=125
[worker 0] rollout 0 [125/625] done=125
[worker 6] rollout 0 [125/625] done=125
[worker 3] rollout 0 [126/625] done=125
[worker 4] rollout 0 [150/625] done=150
[worker 7] rollout 0 [125/625] done=125
[worker 5] rollout 0 [151/625] done=150
[worker 6] rollout 0 [150/625] done=150
[worker 2] rollout 0 [150/625] done=150
[worker 1] rollout 0 [150/625] done=150
[worker 0] rollout 0 [150/625] done=150
[worker 3] rollout 0 [151/625] done=150
[worker 7] rollout 0 [150/625] done=150
[worker 4] rollout 0 [175/625] done=175
[worker 5] rollout 0 [176/625] done=175
[worker 2] rollout 0 [175/625] done=175
[worker 6] rollout 0 [175/625] done=175
[worker 1] rollout 0 [175/625] done=175
[worker 0] rollout 0 [175/625] done=175
[worker 3] rollout 0 [176/625] done=175
[worker 7] rollout 0 [175/625] done=175
[worker 4] rollout 0 [200/625] done=200
[worker 2] rollout 0 [200/625] done=200
[worker 5] rollout 0 [201/625] done=200
[worker 1] rollout 0 [201/625] done=200
[worker 0] rollout 0 [200/625] done=200
[worker 6] rollout 0 [200/625] done=200
[worker 3] rollout 0 [201/625] done=200
[worker 2] rollout 0 [225/625] done=225
[worker 4] rollout 0 [225/625] done=225
[worker 7] rollout 0 [200/625] done=200
[worker 5] rollout 0 [226/625] done=225
[worker 0] rollout 0 [225/625] done=225
[worker 1] rollout 0 [226/625] done=225
[worker 6] rollout 0 [225/625] done=225
[worker 3] rollout 0 [226/625] done=225
[worker 4] rollout 0 [250/625] done=250
[worker 2] rollout 0 [251/625] done=250
[worker 7] rollout 0 [225/625] done=225
[worker 0] rollout 0 [250/625] done=250
[worker 5] rollout 0 [251/625] done=250
[worker 6] rollout 0 [250/625] done=250
[worker 1] rollout 0 [251/625] done=250
[worker 3] rollout 0 [252/625] done=250
[worker 7] rollout 0 [250/625] done=250
[worker 2] rollout 0 [277/625] done=275
[worker 4] rollout 0 [276/625] done=275
[worker 0] rollout 0 [275/625] done=275
[worker 5] rollout 0 [276/625] done=275
[worker 6] rollout 0 [275/625] done=275
[worker 1] rollout 0 [276/625] done=275
[worker 3] rollout 0 [277/625] done=275
[worker 2] rollout 0 [302/625] done=300
[worker 7] rollout 0 [275/625] done=275
[worker 4] rollout 0 [301/625] done=300
[worker 0] rollout 0 [300/625] done=300
[worker 5] rollout 0 [301/625] done=300
[worker 6] rollout 0 [300/625] done=300
[worker 3] rollout 0 [302/625] done=300
[worker 1] rollout 0 [301/625] done=300
[worker 2] rollout 0 [327/625] done=325
[worker 7] rollout 0 [300/625] done=300
[worker 4] rollout 0 [326/625] done=325
[worker 0] rollout 0 [325/625] done=325
[worker 5] rollout 0 [326/625] done=325
[worker 6] rollout 0 [325/625] done=325
[worker 2] rollout 0 [352/625] done=350
[worker 1] rollout 0 [326/625] done=325
[worker 3] rollout 0 [327/625] done=325
[worker 7] rollout 0 [325/625] done=325
[worker 0] rollout 0 [351/625] done=350
[worker 2] rollout 0 [377/625] done=375
[worker 4] rollout 0 [351/625] done=350
[worker 3] rollout 0 [353/625] done=350
[worker 5] rollout 0 [351/625] done=350
[worker 6] rollout 0 [350/625] done=350
[worker 1] rollout 0 [351/625] done=350
[worker 7] rollout 0 [350/625] done=350
[worker 4] rollout 0 [376/625] done=375
[worker 0] rollout 0 [376/625] done=375
[worker 3] rollout 0 [378/625] done=375
[worker 2] rollout 0 [402/625] done=400
[worker 5] rollout 0 [376/625] done=375
[worker 1] rollout 0 [376/625] done=375
[worker 6] rollout 0 [375/625] done=375
[worker 7] rollout 0 [375/625] done=375
[worker 4] rollout 0 [401/625] done=400
[worker 0] rollout 0 [401/625] done=400
[worker 5] rollout 0 [401/625] done=400
[worker 3] rollout 0 [403/625] done=400
[worker 2] rollout 0 [427/625] done=425
[worker 1] rollout 0 [401/625] done=400
[worker 6] rollout 0 [400/625] done=400
[worker 0] rollout 0 [426/625] done=425
[worker 7] rollout 0 [400/625] done=400
[worker 5] rollout 0 [426/625] done=425
[worker 2] rollout 0 [452/625] done=450
[worker 4] rollout 0 [426/625] done=425
[worker 1] rollout 0 [426/625] done=425
[worker 3] rollout 0 [428/625] done=425
[worker 6] rollout 0 [425/625] done=425
[worker 7] rollout 0 [425/625] done=425
[worker 3] rollout 0 [453/625] done=450
[worker 0] rollout 0 [451/625] done=450
[worker 1] rollout 0 [451/625] done=450
[worker 2] rollout 0 [477/625] done=475
[worker 4] rollout 0 [451/625] done=450
[worker 5] rollout 0 [451/625] done=450
[worker 6] rollout 0 [450/625] done=450
[worker 3] rollout 0 [478/625] done=475
[worker 4] rollout 0 [476/625] done=475
[worker 7] rollout 0 [450/625] done=450
[worker 0] rollout 0 [476/625] done=475
[worker 2] rollout 0 [502/625] done=500
[worker 1] rollout 0 [476/625] done=475
[worker 5] rollout 0 [476/625] done=475
[worker 6] rollout 0 [476/625] done=475
[worker 3] rollout 0 [503/625] done=500
[worker 4] rollout 0 [501/625] done=500
[worker 2] rollout 0 [527/625] done=525
[worker 7] rollout 0 [475/625] done=475
[worker 1] rollout 0 [501/625] done=500
[worker 0] rollout 0 [501/625] done=500
[worker 5] rollout 0 [501/625] done=500
[worker 6] rollout 0 [501/625] done=500
[worker 4] rollout 0 [526/625] done=525
[worker 2] rollout 0 [552/625] done=550
[worker 3] rollout 0 [528/625] done=525
[worker 1] rollout 0 [526/625] done=525
[worker 7] rollout 0 [500/625] done=500
[worker 0] rollout 0 [526/625] done=525
[worker 5] rollout 0 [526/625] done=525
[worker 6] rollout 0 [526/625] done=525
[worker 4] rollout 0 [551/625] done=550
[worker 2] rollout 0 [577/625] done=575
[worker 3] rollout 0 [553/625] done=550
[worker 1] rollout 0 [551/625] done=550
[worker 0] rollout 0 [551/625] done=550
[worker 7] rollout 0 [525/625] done=525
[worker 5] rollout 0 [551/625] done=550
[worker 6] rollout 0 [551/625] done=550
[worker 2] rollout 0 [602/625] done=600
[worker 4] rollout 0 [576/625] done=575
[worker 3] rollout 0 [578/625] done=575
[worker 0] rollout 0 [576/625] done=575
[worker 1] rollout 0 [576/625] done=575
[worker 7] rollout 0 [550/625] done=550
[worker 5] rollout 0 [576/625] done=575
[worker 3] rollout 0 [603/625] done=600
[worker 4] rollout 0 [601/625] done=600
[worker 2] rollout 0: saved 623 records / 23155 preds -> runs/coco/internvl_image/features/rollout0/shard2.pt
[worker 1] rollout 0 [601/625] done=600
[worker 6] rollout 0 [576/625] done=575
[worker 0] rollout 0 [601/625] done=600
[worker 7] rollout 0 [575/625] done=575
[worker 5] rollout 0 [601/625] done=600
[worker 6] rollout 0 [601/625] done=600
[worker 2] rollout 1 [25/625] done=25
[worker 3] rollout 0: saved 622 records / 24022 preds -> runs/coco/internvl_image/features/rollout0/shard3.pt
[worker 7] rollout 0 [600/625] done=600
[worker 4] rollout 0: saved 624 records / 26100 preds -> runs/coco/internvl_image/features/rollout0/shard4.pt
[worker 1] rollout 0: saved 624 records / 25393 preds -> runs/coco/internvl_image/features/rollout0/shard1.pt
[worker 0] rollout 0: saved 623 records / 22167 preds -> runs/coco/internvl_image/features/rollout0/shard0.pt
[worker 2] rollout 1 [50/625] done=50
[worker 5] rollout 0: saved 624 records / 25550 preds -> runs/coco/internvl_image/features/rollout0/shard5.pt
[worker 3] rollout 1 [25/625] done=25
[worker 6] rollout 0: saved 624 records / 26198 preds -> runs/coco/internvl_image/features/rollout0/shard6.pt
[worker 2] rollout 1 [75/625] done=75
[worker 1] rollout 1 [25/625] done=25
[worker 4] rollout 1 [25/625] done=25
[worker 7] rollout 0 [625/625] done=625
[worker 0] rollout 1 [25/625] done=25
[worker 5] rollout 1 [25/625] done=25
[worker 3] rollout 1 [50/625] done=50
[worker 6] rollout 1 [25/625] done=25
[worker 7] rollout 0: saved 625 records / 26988 preds -> runs/coco/internvl_image/features/rollout0/shard7.pt
[worker 2] rollout 1 [100/625] done=100
[worker 1] rollout 1 [50/625] done=50
[worker 0] rollout 1 [50/625] done=50
[worker 5] rollout 1 [50/625] done=50
[worker 4] rollout 1 [50/625] done=50
[worker 3] rollout 1 [75/625] done=75
[worker 7] rollout 1 [25/625] done=25
[worker 6] rollout 1 [50/625] done=50
[worker 1] rollout 1 [75/625] done=75
[worker 2] rollout 1 [125/625] done=125
[worker 5] rollout 1 [75/625] done=75
[worker 0] rollout 1 [75/625] done=75
[worker 4] rollout 1 [75/625] done=75
[worker 3] rollout 1 [100/625] done=100
[worker 7] rollout 1 [50/625] done=50
[worker 6] rollout 1 [75/625] done=75
[worker 2] rollout 1 [150/625] done=150
[worker 0] rollout 1 [100/625] done=100
[worker 1] rollout 1 [100/625] done=100
[worker 5] rollout 1 [100/625] done=100
[worker 3] rollout 1 [125/625] done=125
[worker 4] rollout 1 [100/625] done=100
[worker 6] rollout 1 [100/625] done=100
[worker 2] rollout 1 [175/625] done=175
[worker 7] rollout 1 [75/625] done=75
[worker 1] rollout 1 [125/625] done=125
[worker 5] rollout 1 [125/625] done=125
[worker 0] rollout 1 [125/625] done=125
[worker 4] rollout 1 [125/625] done=125
[worker 3] rollout 1 [150/625] done=150
[worker 6] rollout 1 [125/625] done=125
[worker 2] rollout 1 [200/625] done=200
[worker 7] rollout 1 [100/625] done=100
[worker 1] rollout 1 [150/625] done=150
[worker 5] rollout 1 [150/625] done=150
[worker 0] rollout 1 [150/625] done=150
[worker 3] rollout 1 [175/625] done=175
[worker 4] rollout 1 [150/625] done=150
[worker 6] rollout 1 [150/625] done=150
[worker 2] rollout 1 [225/625] done=225
[worker 7] rollout 1 [125/625] done=125
[worker 5] rollout 1 [175/625] done=175
[worker 0] rollout 1 [175/625] done=175
[worker 1] rollout 1 [175/625] done=175
[worker 6] rollout 1 [175/625] done=175
[worker 2] rollout 1 [250/625] done=250
[worker 3] rollout 1 [200/625] done=200
[worker 4] rollout 1 [175/625] done=175
[worker 7] rollout 1 [151/625] done=150
[worker 0] rollout 1 [200/625] done=200
[worker 1] rollout 1 [200/625] done=200
[worker 5] rollout 1 [200/625] done=200
[worker 3] rollout 1 [225/625] done=225
[worker 6] rollout 1 [200/625] done=200
[worker 4] rollout 1 [200/625] done=200
[worker 2] rollout 1 [275/625] done=275
[worker 0] rollout 1 [225/625] done=225
[worker 7] rollout 1 [176/625] done=175
[worker 5] rollout 1 [225/625] done=225
[worker 1] rollout 1 [225/625] done=225
[worker 3] rollout 1 [251/625] done=250
[worker 6] rollout 1 [226/625] done=225
[worker 2] rollout 1 [300/625] done=300
[worker 4] rollout 1 [225/625] done=225
[worker 0] rollout 1 [250/625] done=250
[worker 7] rollout 1 [201/625] done=200
[worker 5] rollout 1 [250/625] done=250
[worker 1] rollout 1 [250/625] done=250
[worker 3] rollout 1 [276/625] done=275
[worker 2] rollout 1 [325/625] done=325
[worker 6] rollout 1 [251/625] done=250
[worker 0] rollout 1 [275/625] done=275
[worker 4] rollout 1 [250/625] done=250
[worker 5] rollout 1 [275/625] done=275
[worker 7] rollout 1 [226/625] done=225
[worker 3] rollout 1 [301/625] done=300
[worker 1] rollout 1 [275/625] done=275
[worker 2] rollout 1 [350/625] done=350
[worker 6] rollout 1 [276/625] done=275
[worker 4] rollout 1 [275/625] done=275
[worker 7] rollout 1 [251/625] done=250
[worker 0] rollout 1 [300/625] done=300
[worker 3] rollout 1 [326/625] done=325
[worker 5] rollout 1 [300/625] done=300
[worker 2] rollout 1 [375/625] done=375
[worker 1] rollout 1 [300/625] done=300
[worker 6] rollout 1 [301/625] done=300
[worker 0] rollout 1 [325/625] done=325
[worker 4] rollout 1 [300/625] done=300
[worker 3] rollout 1 [351/625] done=350
[worker 5] rollout 1 [325/625] done=325
[worker 7] rollout 1 [276/625] done=275
[worker 2] rollout 1 [400/625] done=400
[worker 1] rollout 1 [325/625] done=325
[worker 6] rollout 1 [326/625] done=325
[worker 0] rollout 1 [350/625] done=350
[worker 5] rollout 1 [350/625] done=350
[worker 3] rollout 1 [376/625] done=375
[worker 7] rollout 1 [301/625] done=300
[worker 4] rollout 1 [325/625] done=325
[worker 2] rollout 1 [425/625] done=425
[worker 1] rollout 1 [350/625] done=350
[worker 6] rollout 1 [351/625] done=350
[worker 0] rollout 1 [375/625] done=375
[worker 5] rollout 1 [375/625] done=375
[worker 1] rollout 1 [375/625] done=375
[worker 3] rollout 1 [401/625] done=400
[worker 2] rollout 1 [450/625] done=450
[worker 7] rollout 1 [326/625] done=325
[worker 4] rollout 1 [350/625] done=350
[worker 6] rollout 1 [376/625] done=375
[worker 5] rollout 1 [400/625] done=400
[worker 0] rollout 1 [400/625] done=400
[worker 1] rollout 1 [400/625] done=400
[worker 2] rollout 1 [475/625] done=475
[worker 3] rollout 1 [426/625] done=425
[worker 7] rollout 1 [351/625] done=350
[worker 4] rollout 1 [375/625] done=375
[worker 6] rollout 1 [401/625] done=400
[worker 5] rollout 1 [425/625] done=425
[worker 0] rollout 1 [425/625] done=425
[worker 3] rollout 1 [451/625] done=450
[worker 2] rollout 1 [500/625] done=500
[worker 1] rollout 1 [425/625] done=425
[worker 7] rollout 1 [376/625] done=375
[worker 4] rollout 1 [400/625] done=400
[worker 6] rollout 1 [426/625] done=425
[worker 5] rollout 1 [450/625] done=450
[worker 0] rollout 1 [450/625] done=450
[worker 2] rollout 1 [525/625] done=525
[worker 3] rollout 1 [476/625] done=475
[worker 1] rollout 1 [450/625] done=450
[worker 7] rollout 1 [401/625] done=400
[worker 6] rollout 1 [451/625] done=450
[worker 4] rollout 1 [425/625] done=425
[worker 2] rollout 1 [550/625] done=550
[worker 3] rollout 1 [501/625] done=500
[worker 0] rollout 1 [475/625] done=475
[worker 5] rollout 1 [475/625] done=475
[worker 1] rollout 1 [475/625] done=475
[worker 7] rollout 1 [426/625] done=425
[worker 2] rollout 1 [575/625] done=575
[worker 6] rollout 1 [476/625] done=475
[worker 3] rollout 1 [526/625] done=525
[worker 5] rollout 1 [500/625] done=500
[worker 4] rollout 1 [450/625] done=450
[worker 1] rollout 1 [500/625] done=500
[worker 0] rollout 1 [500/625] done=500
[worker 2] rollout 1 [600/625] done=600
[worker 7] rollout 1 [451/625] done=450
[worker 6] rollout 1 [501/625] done=500
[worker 5] rollout 1 [525/625] done=525
[worker 3] rollout 1 [551/625] done=550
[worker 1] rollout 1 [525/625] done=525
[worker 4] rollout 1 [475/625] done=475
[worker 0] rollout 1 [525/625] done=525
[worker 2] rollout 1 [625/625] done=625
[worker 7] rollout 1 [476/625] done=475
[worker 5] rollout 1 [550/625] done=550
[worker 2] rollout 1: saved 625 records / 17401 preds -> runs/coco/internvl_image/features/rollout1/shard2.pt
[worker 3] rollout 1 [576/625] done=575
[worker 4] rollout 1 [500/625] done=500
[worker 6] rollout 1 [527/625] done=525
[worker 1] rollout 1 [550/625] done=550
[worker 0] rollout 1 [550/625] done=550
[worker 7] rollout 1 [501/625] done=500
[worker 3] rollout 1 [601/625] done=600
[worker 2] rollout 2 [25/625] done=25
[worker 5] rollout 1 [575/625] done=575
[worker 4] rollout 1 [525/625] done=525
[worker 1] rollout 1 [575/625] done=575
[worker 6] rollout 1 [552/625] done=550
[worker 0] rollout 1 [575/625] done=575
[worker 7] rollout 1 [526/625] done=525
[worker 2] rollout 2 [50/625] done=50
[worker 1] rollout 1 [600/625] done=600
[worker 5] rollout 1 [600/625] done=600
[worker 4] rollout 1 [550/625] done=550
[worker 6] rollout 1 [577/625] done=575
[worker 3] rollout 1: saved 624 records / 19551 preds -> runs/coco/internvl_image/features/rollout1/shard3.pt
[worker 0] rollout 1 [600/625] done=600
[worker 2] rollout 2 [76/625] done=75
[worker 7] rollout 1 [551/625] done=550
[worker 1] rollout 1 [625/625] done=625
[worker 6] rollout 1 [602/625] done=600
[worker 5] rollout 1 [625/625] done=625
[worker 1] rollout 1: saved 625 records / 21690 preds -> runs/coco/internvl_image/features/rollout1/shard1.pt
[worker 3] rollout 2 [25/625] done=25
[worker 4] rollout 1 [575/625] done=575
[worker 5] rollout 1: saved 625 records / 19615 preds -> runs/coco/internvl_image/features/rollout1/shard5.pt
[worker 2] rollout 2 [101/625] done=100
[worker 0] rollout 1 [625/625] done=625
[worker 7] rollout 1 [576/625] done=575
[worker 0] rollout 1: saved 625 records / 18367 preds -> runs/coco/internvl_image/features/rollout1/shard0.pt
[worker 1] rollout 2 [25/625] done=25
[worker 3] rollout 2 [51/625] done=50
[worker 6] rollout 1: saved 623 records / 20978 preds -> runs/coco/internvl_image/features/rollout1/shard6.pt
[worker 5] rollout 2 [25/625] done=25
[worker 4] rollout 1 [600/625] done=600
[worker 2] rollout 2 [126/625] done=125
[worker 7] rollout 1 [601/625] done=600
[worker 5] rollout 2 [50/625] done=50
[worker 1] rollout 2 [50/625] done=50
[worker 6] rollout 2 [25/625] done=25
[worker 3] rollout 2 [76/625] done=75
[worker 0] rollout 2 [25/625] done=25
[worker 2] rollout 2 [151/625] done=150
[worker 4] rollout 1 [625/625] done=625
[worker 6] rollout 2 [50/625] done=50
[worker 1] rollout 2 [75/625] done=75
[worker 5] rollout 2 [75/625] done=75
[worker 3] rollout 2 [101/625] done=100
[worker 0] rollout 2 [50/625] done=50
[worker 4] rollout 1: saved 625 records / 23418 preds -> runs/coco/internvl_image/features/rollout1/shard4.pt
[worker 2] rollout 2 [176/625] done=175
[worker 7] rollout 1: saved 624 records / 22633 preds -> runs/coco/internvl_image/features/rollout1/shard7.pt
[worker 6] rollout 2 [75/625] done=75
[worker 5] rollout 2 [100/625] done=100
[worker 1] rollout 2 [100/625] done=100
[worker 3] rollout 2 [126/625] done=125
[worker 4] rollout 2 [25/625] done=25
[worker 2] rollout 2 [201/625] done=200
[worker 0] rollout 2 [75/625] done=75
[worker 7] rollout 2 [25/625] done=25
[worker 6] rollout 2 [100/625] done=100
[worker 1] rollout 2 [125/625] done=125
[worker 5] rollout 2 [125/625] done=125
[worker 3] rollout 2 [151/625] done=150
[worker 2] rollout 2 [226/625] done=225
[worker 0] rollout 2 [101/625] done=100
[worker 4] rollout 2 [50/625] done=50
[worker 7] rollout 2 [50/625] done=50
[worker 6] rollout 2 [125/625] done=125
[worker 1] rollout 2 [150/625] done=150
[worker 5] rollout 2 [150/625] done=150
[worker 0] rollout 2 [126/625] done=125
[worker 2] rollout 2 [251/625] done=250
[worker 4] rollout 2 [75/625] done=75
[worker 3] rollout 2 [176/625] done=175
[worker 6] rollout 2 [150/625] done=150
[worker 7] rollout 2 [75/625] done=75
[worker 5] rollout 2 [175/625] done=175
[worker 1] rollout 2 [175/625] done=175
[worker 4] rollout 2 [101/625] done=100
[worker 0] rollout 2 [152/625] done=150
[worker 2] rollout 2 [277/625] done=275
[worker 6] rollout 2 [175/625] done=175
[worker 3] rollout 2 [201/625] done=200
[worker 1] rollout 2 [201/625] done=200
[worker 5] rollout 2 [200/625] done=200
[worker 7] rollout 2 [100/625] done=100
[worker 4] rollout 2 [127/625] done=125
[worker 0] rollout 2 [177/625] done=175
[worker 2] rollout 2 [302/625] done=300
[worker 3] rollout 2 [227/625] done=225
[worker 6] rollout 2 [200/625] done=200
[worker 1] rollout 2 [227/625] done=225
[worker 5] rollout 2 [225/625] done=225
[worker 0] rollout 2 [202/625] done=200
[worker 4] rollout 2 [152/625] done=150
[worker 7] rollout 2 [126/625] done=125
[worker 2] rollout 2 [327/625] done=325
[worker 3] rollout 2 [253/625] done=250
[worker 6] rollout 2 [226/625] done=225
[worker 1] rollout 2 [252/625] done=250
[worker 7] rollout 2 [151/625] done=150
[worker 4] rollout 2 [177/625] done=175
[worker 5] rollout 2 [250/625] done=250
[worker 2] rollout 2 [353/625] done=350
[worker 0] rollout 2 [227/625] done=225
[worker 3] rollout 2 [280/625] done=275
[worker 6] rollout 2 [251/625] done=250
[worker 2] rollout 2 [378/625] done=375
[worker 5] rollout 2 [275/625] done=275
[worker 1] rollout 2 [277/625] done=275
[worker 7] rollout 2 [177/625] done=175
[worker 4] rollout 2 [202/625] done=200
[worker 0] rollout 2 [252/625] done=250
[worker 3] rollout 2 [305/625] done=300
[worker 6] rollout 2 [276/625] done=275
[worker 5] rollout 2 [300/625] done=300
[worker 2] rollout 2 [403/625] done=400
[worker 0] rollout 2 [277/625] done=275
[worker 1] rollout 2 [302/625] done=300
[worker 7] rollout 2 [202/625] done=200
[worker 4] rollout 2 [227/625] done=225
[worker 3] rollout 2 [330/625] done=325
[worker 6] rollout 2 [301/625] done=300
[worker 0] rollout 2 [302/625] done=300
[worker 1] rollout 2 [327/625] done=325
[worker 7] rollout 2 [227/625] done=225
[worker 4] rollout 2 [252/625] done=250
[worker 3] rollout 2 [355/625] done=350
[worker 5] rollout 2 [325/625] done=325
[worker 2] rollout 2 [428/625] done=425
[worker 6] rollout 2 [326/625] done=325
[worker 7] rollout 2 [252/625] done=250
[worker 1] rollout 2 [352/625] done=350
[worker 3] rollout 2 [380/625] done=375
[worker 0] rollout 2 [327/625] done=325
[worker 4] rollout 2 [278/625] done=275
[worker 5] rollout 2 [351/625] done=350
[worker 2] rollout 2 [453/625] done=450
[worker 6] rollout 2 [351/625] done=350
[worker 1] rollout 2 [377/625] done=375
[worker 3] rollout 2 [405/625] done=400
[worker 7] rollout 2 [277/625] done=275
[worker 4] rollout 2 [303/625] done=300
[worker 0] rollout 2 [353/625] done=350
[worker 5] rollout 2 [377/625] done=375
[worker 2] rollout 2 [478/625] done=475
[worker 6] rollout 2 [376/625] done=375
[worker 1] rollout 2 [402/625] done=400
[worker 7] rollout 2 [302/625] done=300
[worker 5] rollout 2 [402/625] done=400
[worker 3] rollout 2 [430/625] done=425
[worker 0] rollout 2 [378/625] done=375
[worker 4] rollout 2 [328/625] done=325
[worker 2] rollout 2 [503/625] done=500
[worker 6] rollout 2 [401/625] done=400
[worker 1] rollout 2 [427/625] done=425
[worker 7] rollout 2 [329/625] done=325
[worker 5] rollout 2 [428/625] done=425
[worker 3] rollout 2 [456/625] done=450
[worker 0] rollout 2 [403/625] done=400
[worker 4] rollout 2 [353/625] done=350
[worker 2] rollout 2 [529/625] done=525
[worker 1] rollout 2 [452/625] done=450
[worker 6] rollout 2 [426/625] done=425
[worker 7] rollout 2 [354/625] done=350
[worker 5] rollout 2 [453/625] done=450
[worker 0] rollout 2 [428/625] done=425
[worker 3] rollout 2 [481/625] done=475
[worker 2] rollout 2 [554/625] done=550
[worker 4] rollout 2 [378/625] done=375
[worker 1] rollout 2 [478/625] done=475
[worker 6] rollout 2 [451/625] done=450
[worker 7] rollout 2 [379/625] done=375
[worker 2] rollout 2 [579/625] done=575
[worker 3] rollout 2 [506/625] done=500
[worker 5] rollout 2 [479/625] done=475
[worker 0] rollout 2 [453/625] done=450
[worker 4] rollout 2 [403/625] done=400
[worker 1] rollout 2 [503/625] done=500
[worker 6] rollout 2 [477/625] done=475
[worker 2] rollout 2 [605/625] done=600
[worker 3] rollout 2 [531/625] done=525
[worker 7] rollout 2 [404/625] done=400
[worker 5] rollout 2 [504/625] done=500
[worker 0] rollout 2 [478/625] done=475
[worker 1] rollout 2 [528/625] done=525
[worker 4] rollout 2 [428/625] done=425
[worker 6] rollout 2 [502/625] done=500
[worker 3] rollout 2 [556/625] done=550
[worker 5] rollout 2 [529/625] done=525
[worker 2] rollout 2: saved 619 records / 18146 preds -> runs/coco/internvl_image/features/rollout2/shard2.pt
[worker 7] rollout 2 [429/625] done=425
[worker 1] rollout 2 [553/625] done=550
[worker 0] rollout 2 [503/625] done=500
[worker 4] rollout 2 [453/625] done=450
[worker 6] rollout 2 [527/625] done=525
[worker 3] rollout 2 [581/625] done=575
[worker 5] rollout 2 [554/625] done=550
[worker 2] rollout 3 [26/625] done=25
[worker 7] rollout 2 [455/625] done=450
[worker 3] rollout 2 [606/625] done=600
[worker 2] rollout 3 [51/625] done=50
[worker 4] rollout 2 [478/625] done=475
[worker 1] rollout 2 [578/625] done=575
[worker 0] rollout 2 [528/625] done=525
[worker 6] rollout 2 [552/625] done=550
[worker 5] rollout 2 [579/625] done=575
[worker 7] rollout 2 [480/625] done=475
[worker 2] rollout 3 [76/625] done=75
[worker 3] rollout 2: saved 619 records / 18739 preds -> runs/coco/internvl_image/features/rollout2/shard3.pt
[worker 4] rollout 2 [503/625] done=500
[worker 1] rollout 2 [603/625] done=600
[worker 0] rollout 2 [553/625] done=550
[worker 6] rollout 2 [577/625] done=575
[worker 5] rollout 2 [605/625] done=600
[worker 7] rollout 2 [505/625] done=500
[worker 2] rollout 3 [101/625] done=100
[worker 3] rollout 3 [25/625] done=25
[worker 4] rollout 2 [529/625] done=525
[worker 0] rollout 2 [580/625] done=575
[worker 6] rollout 2 [603/625] done=600
[worker 1] rollout 2: saved 622 records / 21474 preds -> runs/coco/internvl_image/features/rollout2/shard1.pt
[worker 7] rollout 2 [530/625] done=525
[worker 2] rollout 3 [126/625] done=125
[worker 5] rollout 2: saved 620 records / 20407 preds -> runs/coco/internvl_image/features/rollout2/shard5.pt
[worker 3] rollout 3 [50/625] done=50
[worker 4] rollout 2 [554/625] done=550
[worker 1] rollout 3 [25/625] done=25
[worker 2] rollout 3 [151/625] done=150
[worker 5] rollout 3 [25/625] done=25
[worker 0] rollout 2 [605/625] done=600
[worker 7] rollout 2 [555/625] done=550
[worker 6] rollout 2: saved 622 records / 21135 preds -> runs/coco/internvl_image/features/rollout2/shard6.pt
[worker 3] rollout 3 [75/625] done=75
[worker 5] rollout 3 [50/625] done=50
[worker 2] rollout 3 [176/625] done=175
[worker 1] rollout 3 [50/625] done=50
[worker 4] rollout 2 [580/625] done=575
[worker 6] rollout 3 [25/625] done=25
[worker 7] rollout 2 [580/625] done=575
[worker 3] rollout 3 [100/625] done=100
[worker 0] rollout 2: saved 620 records / 18492 preds -> runs/coco/internvl_image/features/rollout2/shard0.pt
[worker 2] rollout 3 [201/625] done=200
[worker 5] rollout 3 [75/625] done=75
[worker 1] rollout 3 [75/625] done=75
[worker 6] rollout 3 [50/625] done=50
[worker 4] rollout 2 [605/625] done=600
[worker 7] rollout 2 [605/625] done=600
[worker 3] rollout 3 [125/625] done=125
[worker 2] rollout 3 [226/625] done=225
[worker 6] rollout 3 [75/625] done=75
[worker 5] rollout 3 [100/625] done=100
[worker 0] rollout 3 [26/625] done=25
[worker 1] rollout 3 [100/625] done=100
[worker 3] rollout 3 [150/625] done=150
[worker 2] rollout 3 [251/625] done=250
[worker 4] rollout 2: saved 620 records / 20413 preds -> runs/coco/internvl_image/features/rollout2/shard4.pt
[worker 7] rollout 2: saved 620 records / 21886 preds -> runs/coco/internvl_image/features/rollout2/shard7.pt
[worker 6] rollout 3 [100/625] done=100
[worker 0] rollout 3 [51/625] done=50
[worker 1] rollout 3 [125/625] done=125
[worker 5] rollout 3 [125/625] done=125
[worker 3] rollout 3 [175/625] done=175
[worker 4] rollout 3 [25/625] done=25
[worker 2] rollout 3 [276/625] done=275
[worker 7] rollout 3 [25/625] done=25
[worker 6] rollout 3 [125/625] done=125
[worker 0] rollout 3 [76/625] done=75
[worker 5] rollout 3 [150/625] done=150
[worker 1] rollout 3 [150/625] done=150
[worker 3] rollout 3 [200/625] done=200
[worker 2] rollout 3 [301/625] done=300
[worker 7] rollout 3 [50/625] done=50
[worker 4] rollout 3 [50/625] done=50
[worker 6] rollout 3 [151/625] done=150
[worker 0] rollout 3 [101/625] done=100
[worker 1] rollout 3 [175/625] done=175
[worker 5] rollout 3 [175/625] done=175
[worker 3] rollout 3 [225/625] done=225
[worker 2] rollout 3 [326/625] done=325
[worker 7] rollout 3 [75/625] done=75
[worker 6] rollout 3 [176/625] done=175
[worker 4] rollout 3 [75/625] done=75
[worker 0] rollout 3 [126/625] done=125
[worker 3] rollout 3 [251/625] done=250
[worker 1] rollout 3 [200/625] done=200
[worker 5] rollout 3 [200/625] done=200
[worker 2] rollout 3 [351/625] done=350
[worker 6] rollout 3 [201/625] done=200
[worker 7] rollout 3 [100/625] done=100
[worker 4] rollout 3 [100/625] done=100
[worker 0] rollout 3 [151/625] done=150
[worker 3] rollout 3 [276/625] done=275
[worker 2] rollout 3 [376/625] done=375
[worker 1] rollout 3 [225/625] done=225
[worker 5] rollout 3 [225/625] done=225
[worker 7] rollout 3 [125/625] done=125
[worker 6] rollout 3 [226/625] done=225
[worker 4] rollout 3 [125/625] done=125
[worker 3] rollout 3 [301/625] done=300
[worker 0] rollout 3 [176/625] done=175
[worker 5] rollout 3 [250/625] done=250
[worker 2] rollout 3 [401/625] done=400
[worker 1] rollout 3 [250/625] done=250
[worker 7] rollout 3 [150/625] done=150
[worker 6] rollout 3 [251/625] done=250
[worker 4] rollout 3 [150/625] done=150
[worker 0] rollout 3 [202/625] done=200
[worker 3] rollout 3 [327/625] done=325
[worker 5] rollout 3 [276/625] done=275
[worker 2] rollout 3 [426/625] done=425
[worker 1] rollout 3 [275/625] done=275
[worker 6] rollout 3 [276/625] done=275
[worker 7] rollout 3 [175/625] done=175
[worker 0] rollout 3 [227/625] done=225
[worker 4] rollout 3 [175/625] done=175
[worker 3] rollout 3 [352/625] done=350
[worker 5] rollout 3 [301/625] done=300
[worker 2] rollout 3 [451/625] done=450
[worker 7] rollout 3 [200/625] done=200
[worker 6] rollout 3 [301/625] done=300
[worker 1] rollout 3 [300/625] done=300
[worker 4] rollout 3 [200/625] done=200
[worker 3] rollout 3 [377/625] done=375
[worker 0] rollout 3 [252/625] done=250
[worker 2] rollout 3 [476/625] done=475
[worker 5] rollout 3 [326/625] done=325
[worker 7] rollout 3 [225/625] done=225
[worker 1] rollout 3 [326/625] done=325
[worker 3] rollout 3 [402/625] done=400
[worker 4] rollout 3 [225/625] done=225
[worker 6] rollout 3 [326/625] done=325
[worker 0] rollout 3 [277/625] done=275
[worker 2] rollout 3 [501/625] done=500
[worker 5] rollout 3 [351/625] done=350
[worker 4] rollout 3 [250/625] done=250
[worker 7] rollout 3 [250/625] done=250
[worker 1] rollout 3 [351/625] done=350
[worker 6] rollout 3 [351/625] done=350
[worker 3] rollout 3 [427/625] done=425
[worker 0] rollout 3 [302/625] done=300
[worker 2] rollout 3 [526/625] done=525
[worker 6] rollout 3 [376/625] done=375
[worker 5] rollout 3 [376/625] done=375
[worker 1] rollout 3 [376/625] done=375
[worker 7] rollout 3 [275/625] done=275
[worker 4] rollout 3 [276/625] done=275
[worker 3] rollout 3 [452/625] done=450
[worker 0] rollout 3 [327/625] done=325
[worker 2] rollout 3 [551/625] done=550
[worker 6] rollout 3 [401/625] done=400
[worker 5] rollout 3 [401/625] done=400
[worker 7] rollout 3 [300/625] done=300
[worker 1] rollout 3 [401/625] done=400
[worker 3] rollout 3 [477/625] done=475
[worker 4] rollout 3 [301/625] done=300
[worker 0] rollout 3 [352/625] done=350
[worker 2] rollout 3 [576/625] done=575
[worker 5] rollout 3 [427/625] done=425
[worker 6] rollout 3 [426/625] done=425
[worker 7] rollout 3 [325/625] done=325
[worker 3] rollout 3 [502/625] done=500
[worker 1] rollout 3 [426/625] done=425
[worker 4] rollout 3 [326/625] done=325
[worker 2] rollout 3 [601/625] done=600
[worker 0] rollout 3 [377/625] done=375
[worker 7] rollout 3 [350/625] done=350
[worker 5] rollout 3 [452/625] done=450
[worker 6] rollout 3 [451/625] done=450
[worker 3] rollout 3 [527/625] done=525
[worker 1] rollout 3 [451/625] done=450
[worker 0] rollout 3 [402/625] done=400
[worker 2] rollout 3: saved 624 records / 20001 preds -> runs/coco/internvl_image/features/rollout3/shard2.pt
[worker 4] rollout 3 [351/625] done=350
[worker 5] rollout 3 [477/625] done=475
[worker 7] rollout 3 [376/625] done=375
[worker 6] rollout 3 [476/625] done=475
[worker 3] rollout 3 [552/625] done=550
[worker 1] rollout 3 [476/625] done=475
[worker 0] rollout 3 [427/625] done=425
[worker 2] rollout 4 [26/625] done=25
[worker 4] rollout 3 [376/625] done=375
[worker 5] rollout 3 [502/625] done=500
[worker 6] rollout 3 [501/625] done=500
[worker 3] rollout 3 [577/625] done=575
[worker 7] rollout 3 [401/625] done=400
[worker 1] rollout 3 [501/625] done=500
[worker 2] rollout 4 [51/625] done=50
[worker 5] rollout 3 [527/625] done=525
[worker 3] rollout 3 [602/625] done=600
[worker 6] rollout 3 [526/625] done=525
[worker 0] rollout 3 [452/625] done=450
[worker 4] rollout 3 [401/625] done=400
[worker 7] rollout 3 [426/625] done=425
[worker 1] rollout 3 [526/625] done=525
[worker 2] rollout 4 [76/625] done=75
[worker 5] rollout 3 [552/625] done=550
[worker 6] rollout 3 [551/625] done=550
[worker 3] rollout 3: saved 623 records / 19988 preds -> runs/coco/internvl_image/features/rollout3/shard3.pt
[worker 7] rollout 3 [451/625] done=450
[worker 1] rollout 3 [551/625] done=550
[worker 0] rollout 3 [477/625] done=475
[worker 4] rollout 3 [426/625] done=425
[worker 2] rollout 4 [101/625] done=100
[worker 5] rollout 3 [577/625] done=575
[worker 6] rollout 3 [576/625] done=575
[worker 3] rollout 4 [25/625] done=25
[worker 7] rollout 3 [476/625] done=475
[worker 1] rollout 3 [576/625] done=575
[worker 2] rollout 4 [126/625] done=125
[worker 0] rollout 3 [502/625] done=500
[worker 4] rollout 3 [451/625] done=450
[worker 5] rollout 3 [602/625] done=600
[worker 6] rollout 3 [602/625] done=600
[worker 3] rollout 4 [50/625] done=50
[worker 1] rollout 3 [601/625] done=600
[worker 7] rollout 3 [501/625] done=500
[worker 2] rollout 4 [151/625] done=150
[worker 0] rollout 3 [527/625] done=525
[worker 4] rollout 3 [476/625] done=475
[worker 3] rollout 4 [75/625] done=75
[worker 2] rollout 4 [176/625] done=175
[worker 7] rollout 3 [526/625] done=525
[worker 6] rollout 3: saved 623 records / 20963 preds -> runs/coco/internvl_image/features/rollout3/shard6.pt
[worker 5] rollout 3: saved 623 records / 22744 preds -> runs/coco/internvl_image/features/rollout3/shard5.pt
[worker 4] rollout 3 [501/625] done=500
[worker 0] rollout 3 [552/625] done=550
[worker 1] rollout 3: saved 624 records / 22090 preds -> runs/coco/internvl_image/features/rollout3/shard1.pt
[worker 3] rollout 4 [100/625] done=100
[worker 2] rollout 4 [201/625] done=200
[worker 5] rollout 4 [25/625] done=25
[worker 6] rollout 4 [25/625] done=25
[worker 1] rollout 4 [25/625] done=25
[worker 7] rollout 3 [552/625] done=550
[worker 4] rollout 3 [526/625] done=525
[worker 0] rollout 3 [577/625] done=575
[worker 3] rollout 4 [126/625] done=125
[worker 5] rollout 4 [50/625] done=50
[worker 2] rollout 4 [226/625] done=225
[worker 6] rollout 4 [50/625] done=50
[worker 1] rollout 4 [50/625] done=50
[worker 7] rollout 3 [577/625] done=575
[worker 4] rollout 3 [551/625] done=550
[worker 5] rollout 4 [75/625] done=75
[worker 3] rollout 4 [151/625] done=150
[worker 0] rollout 3 [602/625] done=600
[worker 1] rollout 4 [75/625] done=75
[worker 6] rollout 4 [75/625] done=75
[worker 2] rollout 4 [251/625] done=250
[worker 7] rollout 3 [602/625] done=600
[worker 3] rollout 4 [176/625] done=175
[worker 5] rollout 4 [100/625] done=100
[worker 6] rollout 4 [100/625] done=100
[worker 4] rollout 3 [576/625] done=575
[worker 1] rollout 4 [100/625] done=100
[worker 2] rollout 4 [276/625] done=275
[worker 0] rollout 3: saved 622 records / 19325 preds -> runs/coco/internvl_image/features/rollout3/shard0.pt
[worker 6] rollout 4 [125/625] done=125
[worker 3] rollout 4 [201/625] done=200
[worker 5] rollout 4 [125/625] done=125
[worker 1] rollout 4 [125/625] done=125
[worker 7] rollout 3: saved 623 records / 23617 preds -> runs/coco/internvl_image/features/rollout3/shard7.pt
[worker 2] rollout 4 [301/625] done=300
[worker 4] rollout 3 [601/625] done=600
[worker 6] rollout 4 [150/625] done=150
[worker 3] rollout 4 [226/625] done=225
[worker 5] rollout 4 [150/625] done=150
[worker 0] rollout 4 [25/625] done=25
[worker 7] rollout 4 [25/625] done=25
[worker 1] rollout 4 [150/625] done=150
[worker 2] rollout 4 [326/625] done=325
[worker 3] rollout 4 [252/625] done=250
[worker 6] rollout 4 [175/625] done=175
[worker 0] rollout 4 [50/625] done=50
[worker 5] rollout 4 [175/625] done=175
[worker 7] rollout 4 [50/625] done=50
[worker 1] rollout 4 [175/625] done=175
[worker 4] rollout 3: saved 624 records / 23222 preds -> runs/coco/internvl_image/features/rollout3/shard4.pt
[worker 2] rollout 4 [351/625] done=350
[worker 6] rollout 4 [200/625] done=200
[worker 3] rollout 4 [277/625] done=275
[worker 0] rollout 4 [75/625] done=75
[worker 5] rollout 4 [200/625] done=200
[worker 2] rollout 4 [376/625] done=375
[worker 7] rollout 4 [75/625] done=75
[worker 1] rollout 4 [200/625] done=200
[worker 4] rollout 4 [25/625] done=25
[worker 3] rollout 4 [302/625] done=300
[worker 6] rollout 4 [225/625] done=225
[worker 0] rollout 4 [100/625] done=100
[worker 7] rollout 4 [100/625] done=100
[worker 5] rollout 4 [225/625] done=225
[worker 2] rollout 4 [401/625] done=400
[worker 1] rollout 4 [225/625] done=225
[worker 4] rollout 4 [50/625] done=50
[worker 3] rollout 4 [327/625] done=325
[worker 6] rollout 4 [250/625] done=250
[worker 5] rollout 4 [250/625] done=250
[worker 7] rollout 4 [125/625] done=125
[worker 0] rollout 4 [125/625] done=125
[worker 1] rollout 4 [250/625] done=250
[worker 2] rollout 4 [426/625] done=425
[worker 4] rollout 4 [75/625] done=75
[worker 3] rollout 4 [352/625] done=350
[worker 7] rollout 4 [150/625] done=150
[worker 5] rollout 4 [275/625] done=275
[worker 6] rollout 4 [275/625] done=275
[worker 0] rollout 4 [150/625] done=150
[worker 1] rollout 4 [275/625] done=275
[worker 2] rollout 4 [451/625] done=450
[worker 4] rollout 4 [100/625] done=100
[worker 3] rollout 4 [377/625] done=375
[worker 5] rollout 4 [300/625] done=300
[worker 7] rollout 4 [175/625] done=175
[worker 6] rollout 4 [300/625] done=300
[worker 0] rollout 4 [175/625] done=175
[worker 2] rollout 4 [476/625] done=475
[worker 1] rollout 4 [300/625] done=300
[worker 4] rollout 4 [125/625] done=125
[worker 3] rollout 4 [402/625] done=400
[worker 5] rollout 4 [325/625] done=325
[worker 7] rollout 4 [200/625] done=200
[worker 6] rollout 4 [325/625] done=325
[worker 0] rollout 4 [200/625] done=200
[worker 2] rollout 4 [501/625] done=500
[worker 4] rollout 4 [150/625] done=150
[worker 1] rollout 4 [325/625] done=325
[worker 6] rollout 4 [350/625] done=350
[worker 3] rollout 4 [427/625] done=425
[worker 7] rollout 4 [225/625] done=225
[worker 5] rollout 4 [350/625] done=350
[worker 0] rollout 4 [225/625] done=225
[worker 2] rollout 4 [526/625] done=525
[worker 4] rollout 4 [175/625] done=175
[worker 1] rollout 4 [350/625] done=350
[worker 7] rollout 4 [250/625] done=250
[worker 3] rollout 4 [452/625] done=450
[worker 6] rollout 4 [375/625] done=375
[worker 5] rollout 4 [375/625] done=375
[worker 0] rollout 4 [250/625] done=250
[worker 2] rollout 4 [551/625] done=550
[worker 1] rollout 4 [375/625] done=375
[worker 4] rollout 4 [200/625] done=200
[worker 5] rollout 4 [400/625] done=400
[worker 3] rollout 4 [477/625] done=475
[worker 6] rollout 4 [400/625] done=400
[worker 7] rollout 4 [275/625] done=275
[worker 0] rollout 4 [275/625] done=275
[worker 2] rollout 4 [576/625] done=575
[worker 1] rollout 4 [400/625] done=400
[worker 4] rollout 4 [225/625] done=225
[worker 3] rollout 4 [502/625] done=500
[worker 7] rollout 4 [300/625] done=300
[worker 5] rollout 4 [425/625] done=425
[worker 0] rollout 4 [300/625] done=300
[worker 6] rollout 4 [425/625] done=425
[worker 2] rollout 4 [601/625] done=600
[worker 1] rollout 4 [425/625] done=425
[worker 4] rollout 4 [250/625] done=250
[worker 5] rollout 4 [450/625] done=450
[worker 3] rollout 4 [527/625] done=525
[worker 7] rollout 4 [325/625] done=325
[worker 0] rollout 4 [325/625] done=325
[worker 6] rollout 4 [450/625] done=450
[worker 2] rollout 4: saved 624 records / 22514 preds -> runs/coco/internvl_image/features/rollout4/shard2.pt
[worker 1] rollout 4 [450/625] done=450
[worker 4] rollout 4 [276/625] done=275
[worker 3] rollout 4 [552/625] done=550
[worker 0] rollout 4 [350/625] done=350
[worker 7] rollout 4 [350/625] done=350
[worker 5] rollout 4 [475/625] done=475
[worker 6] rollout 4 [475/625] done=475
[worker 2] rollout 5 [26/625] done=25
[worker 1] rollout 4 [475/625] done=475
[worker 3] rollout 4 [577/625] done=575
[worker 0] rollout 4 [375/625] done=375
[worker 4] rollout 4 [301/625] done=300
[worker 7] rollout 4 [375/625] done=375
[worker 6] rollout 4 [500/625] done=500
[worker 5] rollout 4 [500/625] done=500
[worker 2] rollout 5 [51/625] done=50
[worker 1] rollout 4 [500/625] done=500
[worker 3] rollout 4 [602/625] done=600
[worker 0] rollout 4 [400/625] done=400
[worker 5] rollout 4 [525/625] done=525
[worker 2] rollout 5 [76/625] done=75
[worker 7] rollout 4 [400/625] done=400
[worker 6] rollout 4 [525/625] done=525
[worker 4] rollout 4 [326/625] done=325
[worker 1] rollout 4 [525/625] done=525
[worker 2] rollout 5 [101/625] done=100
[worker 0] rollout 4 [425/625] done=425
[worker 5] rollout 4 [550/625] done=550
[worker 3] rollout 4: saved 623 records / 21405 preds -> runs/coco/internvl_image/features/rollout4/shard3.pt
[worker 7] rollout 4 [425/625] done=425
[worker 6] rollout 4 [550/625] done=550
[worker 4] rollout 4 [351/625] done=350
[worker 1] rollout 4 [550/625] done=550
[worker 2] rollout 5 [126/625] done=125
[worker 5] rollout 4 [575/625] done=575
[worker 3] rollout 5 [25/625] done=25
[worker 0] rollout 4 [450/625] done=450
[worker 6] rollout 4 [575/625] done=575
[worker 4] rollout 4 [376/625] done=375
[worker 7] rollout 4 [450/625] done=450
[worker 1] rollout 4 [575/625] done=575
[worker 2] rollout 5 [151/625] done=150
[worker 3] rollout 5 [50/625] done=50
[worker 5] rollout 4 [600/625] done=600
[worker 6] rollout 4 [601/625] done=600
[worker 0] rollout 4 [475/625] done=475
[worker 1] rollout 4 [600/625] done=600
[worker 2] rollout 5 [176/625] done=175
[worker 7] rollout 4 [475/625] done=475
[worker 4] rollout 4 [401/625] done=400
[worker 3] rollout 5 [75/625] done=75
[worker 5] rollout 4 [625/625] done=625
[worker 2] rollout 5 [201/625] done=200
[worker 1] rollout 4 [625/625] done=625
[worker 6] rollout 4: saved 624 records / 20352 preds -> runs/coco/internvl_image/features/rollout4/shard6.pt
[worker 7] rollout 4 [500/625] done=500
[worker 0] rollout 4 [500/625] done=500
[worker 5] rollout 4: saved 625 records / 21359 preds -> runs/coco/internvl_image/features/rollout4/shard5.pt
[worker 3] rollout 5 [100/625] done=100
[worker 1] rollout 4: saved 625 records / 22889 preds -> runs/coco/internvl_image/features/rollout4/shard1.pt
[worker 2] rollout 5 [226/625] done=225
[worker 4] rollout 4 [426/625] done=425
[worker 6] rollout 5 [25/625] done=25
[worker 5] rollout 5 [25/625] done=25
[worker 7] rollout 4 [525/625] done=525
[worker 3] rollout 5 [125/625] done=125
[worker 0] rollout 4 [525/625] done=525
[worker 1] rollout 5 [25/625] done=25
[worker 2] rollout 5 [252/625] done=250
[worker 6] rollout 5 [50/625] done=50
[worker 5] rollout 5 [50/625] done=50
[worker 4] rollout 4 [452/625] done=450
[worker 7] rollout 4 [550/625] done=550
[worker 3] rollout 5 [150/625] done=150
[worker 1] rollout 5 [50/625] done=50
[worker 0] rollout 4 [550/625] done=550
[worker 5] rollout 5 [75/625] done=75
[worker 6] rollout 5 [75/625] done=75
[worker 2] rollout 5 [277/625] done=275
[worker 4] rollout 4 [477/625] done=475
[worker 3] rollout 5 [175/625] done=175
[worker 1] rollout 5 [75/625] done=75
[worker 7] rollout 4 [575/625] done=575
[worker 0] rollout 4 [575/625] done=575
[worker 2] rollout 5 [302/625] done=300
[worker 6] rollout 5 [100/625] done=100
[worker 5] rollout 5 [100/625] done=100
[worker 3] rollout 5 [200/625] done=200
[worker 4] rollout 4 [502/625] done=500
[worker 7] rollout 4 [600/625] done=600
[worker 1] rollout 5 [100/625] done=100
[worker 6] rollout 5 [125/625] done=125
[worker 2] rollout 5 [327/625] done=325
[worker 0] rollout 4 [601/625] done=600
[worker 5] rollout 5 [125/625] done=125
[worker 3] rollout 5 [225/625] done=225
[worker 4] rollout 4 [527/625] done=525
[worker 6] rollout 5 [150/625] done=150
[worker 1] rollout 5 [125/625] done=125
[worker 7] rollout 4 [625/625] done=625
[worker 2] rollout 5 [352/625] done=350
[worker 5] rollout 5 [150/625] done=150
[worker 7] rollout 4: saved 625 records / 21914 preds -> runs/coco/internvl_image/features/rollout4/shard7.pt
[worker 3] rollout 5 [250/625] done=250
[worker 6] rollout 5 [175/625] done=175
[worker 1] rollout 5 [150/625] done=150
[worker 2] rollout 5 [377/625] done=375
[worker 0] rollout 4: saved 624 records / 19366 preds -> runs/coco/internvl_image/features/rollout4/shard0.pt
[worker 4] rollout 4 [552/625] done=550
[worker 5] rollout 5 [175/625] done=175
[worker 7] rollout 5 [25/625] done=25
[worker 3] rollout 5 [275/625] done=275
[worker 6] rollout 5 [200/625] done=200
[worker 1] rollout 5 [175/625] done=175
[worker 2] rollout 5 [402/625] done=400
[worker 3] rollout 5 [300/625] done=300
[worker 4] rollout 4 [577/625] done=575
[worker 0] rollout 5 [25/625] done=25
[worker 5] rollout 5 [200/625] done=200
[worker 7] rollout 5 [50/625] done=50
[worker 1] rollout 5 [200/625] done=200
[worker 6] rollout 5 [226/625] done=225
[worker 0] rollout 5 [50/625] done=50
[worker 2] rollout 5 [427/625] done=425
[worker 3] rollout 5 [325/625] done=325
[worker 7] rollout 5 [75/625] done=75
[worker 5] rollout 5 [225/625] done=225
[worker 4] rollout 4 [602/625] done=600
[worker 6] rollout 5 [251/625] done=250
[worker 1] rollout 5 [225/625] done=225
[worker 2] rollout 5 [452/625] done=450
[worker 0] rollout 5 [75/625] done=75
[worker 3] rollout 5 [351/625] done=350
[worker 7] rollout 5 [100/625] done=100
[worker 5] rollout 5 [250/625] done=250
[worker 6] rollout 5 [276/625] done=275
[worker 2] rollout 5 [477/625] done=475
[worker 1] rollout 5 [250/625] done=250
[worker 3] rollout 5 [376/625] done=375
[worker 0] rollout 5 [100/625] done=100
[worker 4] rollout 4: saved 623 records / 23205 preds -> runs/coco/internvl_image/features/rollout4/shard4.pt
[worker 7] rollout 5 [125/625] done=125
[worker 5] rollout 5 [276/625] done=275
[worker 2] rollout 5 [502/625] done=500
[worker 6] rollout 5 [301/625] done=300
[worker 1] rollout 5 [275/625] done=275
[worker 3] rollout 5 [401/625] done=400
[worker 0] rollout 5 [125/625] done=125
[worker 4] rollout 5 [25/625] done=25
[worker 7] rollout 5 [150/625] done=150
[worker 5] rollout 5 [301/625] done=300
[worker 2] rollout 5 [527/625] done=525
[worker 1] rollout 5 [300/625] done=300
[worker 6] rollout 5 [326/625] done=325
[worker 3] rollout 5 [426/625] done=425
[worker 0] rollout 5 [150/625] done=150
[worker 4] rollout 5 [50/625] done=50
[worker 7] rollout 5 [175/625] done=175
[worker 5] rollout 5 [326/625] done=325
[worker 2] rollout 5 [552/625] done=550
[worker 1] rollout 5 [325/625] done=325
[worker 6] rollout 5 [351/625] done=350
[worker 3] rollout 5 [451/625] done=450
[worker 0] rollout 5 [175/625] done=175
[worker 4] rollout 5 [75/625] done=75
[worker 7] rollout 5 [200/625] done=200
[worker 2] rollout 5 [577/625] done=575
[worker 5] rollout 5 [351/625] done=350
[worker 6] rollout 5 [376/625] done=375
[worker 4] rollout 5 [100/625] done=100
[worker 1] rollout 5 [350/625] done=350
[worker 0] rollout 5 [201/625] done=200
[worker 3] rollout 5 [476/625] done=475
[worker 2] rollout 5 [602/625] done=600
[worker 7] rollout 5 [225/625] done=225
[worker 5] rollout 5 [376/625] done=375
[worker 6] rollout 5 [401/625] done=400
[worker 4] rollout 5 [125/625] done=125
[worker 1] rollout 5 [375/625] done=375
[worker 3] rollout 5 [501/625] done=500
[worker 0] rollout 5 [226/625] done=225
[worker 5] rollout 5 [401/625] done=400
[worker 7] rollout 5 [250/625] done=250
[worker 2] rollout 5: saved 623 records / 18608 preds -> runs/coco/internvl_image/features/rollout5/shard2.pt
[worker 4] rollout 5 [150/625] done=150
[worker 1] rollout 5 [400/625] done=400
[worker 6] rollout 5 [426/625] done=425
[worker 0] rollout 5 [251/625] done=250
[worker 3] rollout 5 [526/625] done=525
[worker 5] rollout 5 [427/625] done=425
[worker 7] rollout 5 [275/625] done=275
[worker 2] rollout 6 [26/625] done=25
[worker 1] rollout 5 [425/625] done=425
[worker 6] rollout 5 [451/625] done=450
[worker 4] rollout 5 [175/625] done=175
[worker 0] rollout 5 [276/625] done=275
[worker 3] rollout 5 [551/625] done=550
[worker 7] rollout 5 [300/625] done=300
[worker 2] rollout 6 [51/625] done=50
[worker 5] rollout 5 [452/625] done=450
[worker 0] rollout 5 [301/625] done=300
[worker 1] rollout 5 [450/625] done=450
[worker 6] rollout 5 [476/625] done=475
[worker 4] rollout 5 [200/625] done=200
[worker 2] rollout 6 [76/625] done=75
[worker 3] rollout 5 [576/625] done=575
[worker 7] rollout 5 [325/625] done=325
[worker 5] rollout 5 [477/625] done=475
[worker 1] rollout 5 [475/625] done=475
[worker 6] rollout 5 [501/625] done=500
[worker 0] rollout 5 [326/625] done=325
[worker 4] rollout 5 [225/625] done=225
[worker 2] rollout 6 [101/625] done=100
[worker 3] rollout 5 [601/625] done=600
[worker 7] rollout 5 [350/625] done=350
[worker 5] rollout 5 [502/625] done=500
[worker 6] rollout 5 [526/625] done=525
[worker 1] rollout 5 [500/625] done=500
[worker 4] rollout 5 [250/625] done=250
[worker 0] rollout 5 [351/625] done=350
[worker 2] rollout 6 [126/625] done=125
[worker 5] rollout 5 [527/625] done=525
[worker 3] rollout 5: saved 624 records / 18484 preds -> runs/coco/internvl_image/features/rollout5/shard3.pt
[worker 7] rollout 5 [375/625] done=375
[worker 1] rollout 5 [525/625] done=525
[worker 4] rollout 5 [276/625] done=275
[worker 6] rollout 5 [551/625] done=550
[worker 2] rollout 6 [151/625] done=150
[worker 0] rollout 5 [376/625] done=375
[worker 5] rollout 5 [552/625] done=550
[worker 3] rollout 6 [25/625] done=25
[worker 1] rollout 5 [550/625] done=550
[worker 7] rollout 5 [400/625] done=400
[worker 2] rollout 6 [176/625] done=175
[worker 0] rollout 5 [401/625] done=400
[worker 6] rollout 5 [576/625] done=575
[worker 4] rollout 5 [301/625] done=300
[worker 2] rollout 6 [201/625] done=200
[worker 3] rollout 6 [50/625] done=50
[worker 5] rollout 5 [577/625] done=575
[worker 7] rollout 5 [425/625] done=425
[worker 6] rollout 5 [602/625] done=600
[worker 0] rollout 5 [426/625] done=425
[worker 1] rollout 5 [575/625] done=575
[worker 4] rollout 5 [326/625] done=325
[worker 2] rollout 6 [226/625] done=225
[worker 5] rollout 5 [602/625] done=600
[worker 3] rollout 6 [75/625] done=75
[worker 1] rollout 5 [600/625] done=600
[worker 7] rollout 5 [450/625] done=450
[worker 0] rollout 5 [451/625] done=450
[worker 2] rollout 6 [253/625] done=250
[worker 6] rollout 5: saved 623 records / 20647 preds -> runs/coco/internvl_image/features/rollout5/shard6.pt
[worker 4] rollout 5 [351/625] done=350
[worker 3] rollout 6 [100/625] done=100
[worker 1] rollout 5 [625/625] done=625
[worker 7] rollout 5 [475/625] done=475
[worker 0] rollout 5 [476/625] done=475
[worker 5] rollout 5: saved 623 records / 22610 preds -> runs/coco/internvl_image/features/rollout5/shard5.pt
[worker 2] rollout 6 [278/625] done=275
[worker 1] rollout 5: saved 625 records / 23556 preds -> runs/coco/internvl_image/features/rollout5/shard1.pt
[worker 6] rollout 6 [25/625] done=25
[worker 3] rollout 6 [125/625] done=125
[worker 4] rollout 5 [376/625] done=375
[worker 7] rollout 5 [500/625] done=500
[worker 5] rollout 6 [25/625] done=25
[worker 1] rollout 6 [25/625] done=25
[worker 2] rollout 6 [303/625] done=300
[worker 0] rollout 5 [501/625] done=500
[worker 6] rollout 6 [50/625] done=50
[worker 3] rollout 6 [150/625] done=150
[worker 5] rollout 6 [50/625] done=50
[worker 4] rollout 5 [401/625] done=400
[worker 7] rollout 5 [525/625] done=525
[worker 2] rollout 6 [328/625] done=325
[worker 1] rollout 6 [50/625] done=50
[worker 6] rollout 6 [75/625] done=75
[worker 3] rollout 6 [175/625] done=175
[worker 0] rollout 5 [526/625] done=525
[worker 5] rollout 6 [75/625] done=75
[worker 2] rollout 6 [353/625] done=350
[worker 1] rollout 6 [75/625] done=75
[worker 7] rollout 5 [550/625] done=550
[worker 6] rollout 6 [100/625] done=100
[worker 4] rollout 5 [426/625] done=425
[worker 3] rollout 6 [200/625] done=200
[worker 2] rollout 6 [378/625] done=375
[worker 0] rollout 5 [551/625] done=550
[worker 5] rollout 6 [100/625] done=100
[worker 6] rollout 6 [125/625] done=125
[worker 7] rollout 5 [575/625] done=575
[worker 1] rollout 6 [100/625] done=100
[worker 3] rollout 6 [225/625] done=225
[worker 4] rollout 5 [452/625] done=450
[worker 2] rollout 6 [403/625] done=400
[worker 0] rollout 5 [576/625] done=575
[worker 5] rollout 6 [125/625] done=125
[worker 6] rollout 6 [150/625] done=150
[worker 7] rollout 5 [600/625] done=600
[worker 1] rollout 6 [125/625] done=125
[worker 3] rollout 6 [251/625] done=250
[worker 4] rollout 5 [477/625] done=475
[worker 2] rollout 6 [428/625] done=425
[worker 5] rollout 6 [150/625] done=150
[worker 6] rollout 6 [175/625] done=175
[worker 1] rollout 6 [150/625] done=150
[worker 0] rollout 5 [602/625] done=600
[worker 3] rollout 6 [276/625] done=275
[worker 2] rollout 6 [453/625] done=450
[worker 4] rollout 5 [502/625] done=500
[worker 7] rollout 5: saved 624 records / 23312 preds -> runs/coco/internvl_image/features/rollout5/shard7.pt
[worker 5] rollout 6 [175/625] done=175
[worker 6] rollout 6 [200/625] done=200
[worker 3] rollout 6 [301/625] done=300
[worker 1] rollout 6 [175/625] done=175
[worker 0] rollout 5: saved 621 records / 20015 preds -> runs/coco/internvl_image/features/rollout5/shard0.pt
[worker 2] rollout 6 [478/625] done=475
[worker 7] rollout 6 [25/625] done=25
[worker 5] rollout 6 [200/625] done=200
[worker 4] rollout 5 [527/625] done=525
[worker 6] rollout 6 [225/625] done=225
[worker 1] rollout 6 [200/625] done=200
[worker 3] rollout 6 [327/625] done=325
[worker 7] rollout 6 [50/625] done=50
[worker 2] rollout 6 [503/625] done=500
[worker 5] rollout 6 [226/625] done=225
[worker 0] rollout 6 [25/625] done=25
[worker 6] rollout 6 [250/625] done=250
[worker 1] rollout 6 [225/625] done=225
[worker 3] rollout 6 [352/625] done=350
[worker 4] rollout 5 [552/625] done=550
[worker 7] rollout 6 [75/625] done=75
[worker 0] rollout 6 [50/625] done=50
[worker 5] rollout 6 [251/625] done=250
[worker 2] rollout 6 [528/625] done=525
[worker 6] rollout 6 [275/625] done=275
[worker 3] rollout 6 [377/625] done=375
[worker 1] rollout 6 [250/625] done=250
[worker 4] rollout 5 [577/625] done=575
[worker 5] rollout 6 [276/625] done=275
[worker 7] rollout 6 [100/625] done=100
[worker 0] rollout 6 [75/625] done=75
[worker 2] rollout 6 [553/625] done=550
[worker 6] rollout 6 [300/625] done=300
[worker 3] rollout 6 [402/625] done=400
[worker 1] rollout 6 [275/625] done=275
[worker 5] rollout 6 [301/625] done=300
[worker 0] rollout 6 [100/625] done=100
[worker 4] rollout 5 [603/625] done=600
[worker 7] rollout 6 [125/625] done=125
[worker 2] rollout 6 [578/625] done=575
[worker 6] rollout 6 [325/625] done=325
[worker 1] rollout 6 [301/625] done=300
[worker 3] rollout 6 [427/625] done=425
[worker 7] rollout 6 [150/625] done=150
[worker 5] rollout 6 [326/625] done=325
[worker 0] rollout 6 [125/625] done=125
[worker 2] rollout 6 [603/625] done=600
[worker 6] rollout 6 [350/625] done=350
[worker 1] rollout 6 [327/625] done=325
[worker 4] rollout 5: saved 622 records / 22519 preds -> runs/coco/internvl_image/features/rollout5/shard4.pt
[worker 3] rollout 6 [452/625] done=450
[worker 7] rollout 6 [175/625] done=175
[worker 5] rollout 6 [351/625] done=350
[worker 0] rollout 6 [150/625] done=150
[worker 2] rollout 6: saved 622 records / 17939 preds -> runs/coco/internvl_image/features/rollout6/shard2.pt
[worker 4] rollout 6 [25/625] done=25
[worker 1] rollout 6 [352/625] done=350
[worker 6] rollout 6 [375/625] done=375
[worker 0] rollout 6 [175/625] done=175
[worker 7] rollout 6 [200/625] done=200
[worker 3] rollout 6 [477/625] done=475
[worker 2] rollout 7 [25/625] done=25
[worker 1] rollout 6 [377/625] done=375
[worker 5] rollout 6 [376/625] done=375
[worker 4] rollout 6 [50/625] done=50
[worker 6] rollout 6 [400/625] done=400
[worker 0] rollout 6 [200/625] done=200
[worker 7] rollout 6 [225/625] done=225
[worker 5] rollout 6 [401/625] done=400
[worker 3] rollout 6 [502/625] done=500
[worker 2] rollout 7 [50/625] done=50
[worker 4] rollout 6 [75/625] done=75
[worker 1] rollout 6 [402/625] done=400
[worker 6] rollout 6 [425/625] done=425
[worker 7] rollout 6 [250/625] done=250
[worker 2] rollout 7 [75/625] done=75
[worker 0] rollout 6 [225/625] done=225
[worker 3] rollout 6 [527/625] done=525
[worker 5] rollout 6 [426/625] done=425
[worker 4] rollout 6 [100/625] done=100
[worker 1] rollout 6 [427/625] done=425
[worker 2] rollout 7 [100/625] done=100
[worker 6] rollout 6 [450/625] done=450
[worker 7] rollout 6 [275/625] done=275
[worker 0] rollout 6 [250/625] done=250
[worker 3] rollout 6 [552/625] done=550
[worker 4] rollout 6 [125/625] done=125
[worker 5] rollout 6 [451/625] done=450
[worker 1] rollout 6 [452/625] done=450
[worker 2] rollout 7 [125/625] done=125
[worker 6] rollout 6 [476/625] done=475
[worker 7] rollout 6 [300/625] done=300
[worker 0] rollout 6 [275/625] done=275
[worker 3] rollout 6 [577/625] done=575
[worker 4] rollout 6 [150/625] done=150
[worker 5] rollout 6 [476/625] done=475
[worker 1] rollout 6 [477/625] done=475
[worker 6] rollout 6 [501/625] done=500
[worker 2] rollout 7 [150/625] done=150
[worker 3] rollout 6 [602/625] done=600
[worker 7] rollout 6 [325/625] done=325
[worker 0] rollout 6 [300/625] done=300
[worker 5] rollout 6 [501/625] done=500
[worker 4] rollout 6 [175/625] done=175
[worker 1] rollout 6 [502/625] done=500
[worker 2] rollout 7 [175/625] done=175
[worker 6] rollout 6 [526/625] done=525
[worker 7] rollout 6 [350/625] done=350
[worker 3] rollout 6: saved 623 records / 18618 preds -> runs/coco/internvl_image/features/rollout6/shard3.pt
[worker 5] rollout 6 [526/625] done=525
[worker 0] rollout 6 [325/625] done=325
[worker 4] rollout 6 [200/625] done=200
[worker 1] rollout 6 [527/625] done=525
[worker 2] rollout 7 [200/625] done=200
[worker 6] rollout 6 [551/625] done=550
[worker 7] rollout 6 [375/625] done=375
[worker 4] rollout 6 [225/625] done=225
[worker 5] rollout 6 [551/625] done=550
[worker 3] rollout 7 [25/625] done=25
[worker 0] rollout 6 [350/625] done=350
[worker 1] rollout 6 [552/625] done=550
[worker 2] rollout 7 [225/625] done=225
[worker 6] rollout 6 [576/625] done=575
[worker 4] rollout 6 [250/625] done=250
[worker 7] rollout 6 [400/625] done=400
[worker 5] rollout 6 [576/625] done=575
[worker 3] rollout 7 [50/625] done=50
[worker 0] rollout 6 [375/625] done=375
[worker 1] rollout 6 [577/625] done=575
[worker 6] rollout 6 [601/625] done=600
[worker 2] rollout 7 [250/625] done=250
[worker 4] rollout 6 [275/625] done=275
[worker 5] rollout 6 [601/625] done=600
[worker 3] rollout 7 [75/625] done=75
[worker 7] rollout 6 [425/625] done=425
[worker 1] rollout 6 [602/625] done=600
[worker 0] rollout 6 [400/625] done=400
[worker 2] rollout 7 [275/625] done=275
[worker 6] rollout 6: saved 623 records / 17380 preds -> runs/coco/internvl_image/features/rollout6/shard6.pt
[worker 3] rollout 7 [100/625] done=100
[worker 4] rollout 6 [300/625] done=300
[worker 7] rollout 6 [450/625] done=450
[worker 2] rollout 7 [300/625] done=300
[worker 5] rollout 6: saved 624 records / 20043 preds -> runs/coco/internvl_image/features/rollout6/shard5.pt
[worker 6] rollout 7 [25/625] done=25
[worker 1] rollout 6: saved 623 records / 21310 preds -> runs/coco/internvl_image/features/rollout6/shard1.pt
[worker 3] rollout 7 [126/625] done=125
[worker 0] rollout 6 [425/625] done=425
[worker 4] rollout 6 [325/625] done=325
[worker 2] rollout 7 [325/625] done=325
[worker 7] rollout 6 [475/625] done=475
[worker 6] rollout 7 [50/625] done=50
[worker 5] rollout 7 [25/625] done=25
[worker 1] rollout 7 [25/625] done=25
[worker 3] rollout 7 [151/625] done=150
[worker 0] rollout 6 [450/625] done=450
[worker 2] rollout 7 [350/625] done=350
[worker 5] rollout 7 [50/625] done=50
[worker 7] rollout 6 [500/625] done=500
[worker 4] rollout 6 [350/625] done=350
[worker 6] rollout 7 [75/625] done=75
[worker 1] rollout 7 [50/625] done=50
[worker 3] rollout 7 [176/625] done=175
[worker 2] rollout 7 [375/625] done=375
[worker 5] rollout 7 [75/625] done=75
[worker 0] rollout 6 [475/625] done=475
[worker 7] rollout 6 [525/625] done=525
[worker 6] rollout 7 [100/625] done=100
[worker 1] rollout 7 [75/625] done=75
[worker 4] rollout 6 [375/625] done=375
[worker 3] rollout 7 [201/625] done=200
[worker 5] rollout 7 [100/625] done=100
[worker 6] rollout 7 [125/625] done=125
[worker 2] rollout 7 [400/625] done=400
[worker 7] rollout 6 [550/625] done=550
[worker 0] rollout 6 [500/625] done=500
[worker 3] rollout 7 [226/625] done=225
[worker 1] rollout 7 [100/625] done=100
[worker 4] rollout 6 [400/625] done=400
[worker 6] rollout 7 [150/625] done=150
[worker 5] rollout 7 [125/625] done=125
[worker 2] rollout 7 [425/625] done=425
[worker 7] rollout 6 [575/625] done=575
[worker 3] rollout 7 [252/625] done=250
[worker 1] rollout 7 [125/625] done=125
[worker 0] rollout 6 [525/625] done=525
[worker 4] rollout 6 [425/625] done=425
[worker 6] rollout 7 [175/625] done=175
[worker 5] rollout 7 [150/625] done=150
[worker 2] rollout 7 [450/625] done=450
[worker 3] rollout 7 [277/625] done=275
[worker 7] rollout 6 [600/625] done=600
[worker 1] rollout 7 [150/625] done=150
[worker 0] rollout 6 [550/625] done=550
[worker 4] rollout 6 [451/625] done=450
[worker 5] rollout 7 [175/625] done=175
[worker 6] rollout 7 [200/625] done=200
[worker 2] rollout 7 [475/625] done=475
[worker 3] rollout 7 [302/625] done=300
[worker 1] rollout 7 [175/625] done=175
[worker 0] rollout 6 [575/625] done=575
[worker 5] rollout 7 [200/625] done=200
[worker 7] rollout 6: saved 624 records / 20490 preds -> runs/coco/internvl_image/features/rollout6/shard7.pt
[worker 4] rollout 6 [476/625] done=475
[worker 6] rollout 7 [225/625] done=225
[worker 1] rollout 7 [200/625] done=200
[worker 3] rollout 7 [327/625] done=325
[worker 2] rollout 7 [500/625] done=500
[worker 7] rollout 7 [25/625] done=25
[worker 4] rollout 6 [501/625] done=500
[worker 5] rollout 7 [225/625] done=225
[worker 0] rollout 6 [601/625] done=600
[worker 6] rollout 7 [250/625] done=250
[worker 3] rollout 7 [352/625] done=350
[worker 1] rollout 7 [225/625] done=225
[worker 2] rollout 7 [525/625] done=525
[worker 7] rollout 7 [50/625] done=50
[worker 4] rollout 6 [526/625] done=525
[worker 5] rollout 7 [250/625] done=250
[worker 6] rollout 7 [275/625] done=275
[worker 3] rollout 7 [377/625] done=375
[worker 1] rollout 7 [250/625] done=250
[worker 2] rollout 7 [550/625] done=550
[worker 7] rollout 7 [75/625] done=75
[worker 4] rollout 6 [551/625] done=550
[worker 0] rollout 6: saved 624 records / 17530 preds -> runs/coco/internvl_image/features/rollout6/shard0.pt
[worker 5] rollout 7 [275/625] done=275
[worker 6] rollout 7 [300/625] done=300
[worker 1] rollout 7 [275/625] done=275
[worker 3] rollout 7 [403/625] done=400
[worker 2] rollout 7 [575/625] done=575
[worker 7] rollout 7 [100/625] done=100
[worker 4] rollout 6 [576/625] done=575
[worker 5] rollout 7 [300/625] done=300
[worker 6] rollout 7 [325/625] done=325
[worker 0] rollout 7 [25/625] done=25
[worker 2] rollout 7 [600/625] done=600
[worker 1] rollout 7 [300/625] done=300
[worker 3] rollout 7 [428/625] done=425
[worker 4] rollout 6 [602/625] done=600
[worker 7] rollout 7 [125/625] done=125
[worker 5] rollout 7 [325/625] done=325
[worker 0] rollout 7 [50/625] done=50
[worker 6] rollout 7 [350/625] done=350
[worker 2] rollout 7 [625/625] done=625
[worker 1] rollout 7 [325/625] done=325
[worker 3] rollout 7 [453/625] done=450
[worker 2] rollout 7: saved 625 records / 20639 preds -> runs/coco/internvl_image/features/rollout7/shard2.pt
[worker 7] rollout 7 [150/625] done=150
[worker 5] rollout 7 [350/625] done=350
[worker 6] rollout 7 [375/625] done=375
[worker 4] rollout 6: saved 623 records / 20626 preds -> runs/coco/internvl_image/features/rollout6/shard4.pt
[worker 0] rollout 7 [75/625] done=75
[worker 3] rollout 7 [478/625] done=475
[worker 1] rollout 7 [350/625] done=350
[worker 2] rollout 8 [25/625] done=25
[worker 4] rollout 7 [25/625] done=25
[worker 7] rollout 7 [175/625] done=175
[worker 6] rollout 7 [400/625] done=400
[worker 5] rollout 7 [375/625] done=375
[worker 0] rollout 7 [100/625] done=100
[worker 1] rollout 7 [375/625] done=375
[worker 3] rollout 7 [503/625] done=500
[worker 2] rollout 8 [50/625] done=50
[worker 5] rollout 7 [400/625] done=400
[worker 7] rollout 7 [200/625] done=200
[worker 4] rollout 7 [50/625] done=50
[worker 6] rollout 7 [425/625] done=425
[worker 0] rollout 7 [125/625] done=125
[worker 1] rollout 7 [400/625] done=400
[worker 2] rollout 8 [75/625] done=75
[worker 3] rollout 7 [528/625] done=525
[worker 5] rollout 7 [425/625] done=425
[worker 4] rollout 7 [75/625] done=75
[worker 7] rollout 7 [225/625] done=225
[worker 2] rollout 8 [100/625] done=100
[worker 6] rollout 7 [450/625] done=450
[worker 3] rollout 7 [553/625] done=550
[worker 1] rollout 7 [425/625] done=425
[worker 0] rollout 7 [150/625] done=150
[worker 2] rollout 8 [125/625] done=125
[worker 4] rollout 7 [100/625] done=100
[worker 7] rollout 7 [250/625] done=250
[worker 6] rollout 7 [475/625] done=475
[worker 5] rollout 7 [450/625] done=450
[worker 3] rollout 7 [578/625] done=575
[worker 1] rollout 7 [450/625] done=450
[worker 0] rollout 7 [175/625] done=175
[worker 4] rollout 7 [125/625] done=125
[worker 2] rollout 8 [150/625] done=150
[worker 6] rollout 7 [500/625] done=500
[worker 3] rollout 7 [603/625] done=600
[worker 7] rollout 7 [275/625] done=275
[worker 5] rollout 7 [475/625] done=475
[worker 1] rollout 7 [475/625] done=475
[worker 0] rollout 7 [201/625] done=200
[worker 2] rollout 8 [175/625] done=175
[worker 4] rollout 7 [150/625] done=150
[worker 6] rollout 7 [525/625] done=525
[worker 3] rollout 7: saved 622 records / 19951 preds -> runs/coco/internvl_image/features/rollout7/shard3.pt
[worker 7] rollout 7 [300/625] done=300
[worker 5] rollout 7 [500/625] done=500
[worker 1] rollout 7 [500/625] done=500
[worker 2] rollout 8 [200/625] done=200
[worker 0] rollout 7 [226/625] done=225
[worker 6] rollout 7 [550/625] done=550
[worker 4] rollout 7 [175/625] done=175
[worker 7] rollout 7 [325/625] done=325
[worker 5] rollout 7 [525/625] done=525
[worker 3] rollout 8 [25/625] done=25
[worker 1] rollout 7 [525/625] done=525
[worker 2] rollout 8 [225/625] done=225
[worker 0] rollout 7 [251/625] done=250
[worker 4] rollout 7 [200/625] done=200
[worker 5] rollout 7 [550/625] done=550
[worker 7] rollout 7 [350/625] done=350
[worker 3] rollout 8 [50/625] done=50
[worker 6] rollout 7 [575/625] done=575
[worker 2] rollout 8 [251/625] done=250
[worker 1] rollout 7 [550/625] done=550
[worker 0] rollout 7 [276/625] done=275
[worker 4] rollout 7 [225/625] done=225
[worker 7] rollout 7 [376/625] done=375
[worker 5] rollout 7 [575/625] done=575
[worker 6] rollout 7 [601/625] done=600
[worker 3] rollout 8 [75/625] done=75
[worker 2] rollout 8 [276/625] done=275
[worker 0] rollout 7 [301/625] done=300
[worker 1] rollout 7 [575/625] done=575
[worker 4] rollout 7 [250/625] done=250
[worker 3] rollout 8 [100/625] done=100
[worker 5] rollout 7 [600/625] done=600
[worker 2] rollout 8 [301/625] done=300
[worker 7] rollout 7 [401/625] done=400
[worker 6] rollout 7: saved 624 records / 19843 preds -> runs/coco/internvl_image/features/rollout7/shard6.pt
[worker 1] rollout 7 [600/625] done=600
[worker 0] rollout 7 [326/625] done=325
[worker 3] rollout 8 [125/625] done=125
[worker 4] rollout 7 [276/625] done=275
[worker 2] rollout 8 [326/625] done=325
[worker 5] rollout 7 [625/625] done=625
[worker 6] rollout 8 [25/625] done=25
[worker 7] rollout 7 [426/625] done=425
[worker 1] rollout 7 [625/625] done=625
[worker 5] rollout 7: saved 625 records / 21816 preds -> runs/coco/internvl_image/features/rollout7/shard5.pt
[worker 3] rollout 8 [150/625] done=150
[worker 0] rollout 7 [351/625] done=350
[worker 2] rollout 8 [351/625] done=350
[worker 1] rollout 7: saved 625 records / 23005 preds -> runs/coco/internvl_image/features/rollout7/shard1.pt
[worker 6] rollout 8 [50/625] done=50
[worker 4] rollout 7 [301/625] done=300
[worker 5] rollout 8 [25/625] done=25
[worker 7] rollout 7 [451/625] done=450
[worker 3] rollout 8 [175/625] done=175
[worker 2] rollout 8 [376/625] done=375
[worker 1] rollout 8 [25/625] done=25
[worker 0] rollout 7 [376/625] done=375
[worker 6] rollout 8 [75/625] done=75
[worker 5] rollout 8 [50/625] done=50
[worker 4] rollout 7 [326/625] done=325
[worker 3] rollout 8 [200/625] done=200
[worker 7] rollout 7 [476/625] done=475
[worker 0] rollout 7 [401/625] done=400
[worker 2] rollout 8 [401/625] done=400
[worker 1] rollout 8 [50/625] done=50
[worker 6] rollout 8 [100/625] done=100
[worker 5] rollout 8 [75/625] done=75
[worker 3] rollout 8 [225/625] done=225
[worker 0] rollout 7 [426/625] done=425
[worker 1] rollout 8 [75/625] done=75
[worker 7] rollout 7 [501/625] done=500
[worker 2] rollout 8 [426/625] done=425
[worker 4] rollout 7 [351/625] done=350
[worker 6] rollout 8 [125/625] done=125
[worker 5] rollout 8 [100/625] done=100
[worker 3] rollout 8 [251/625] done=250
[worker 7] rollout 7 [526/625] done=525
[worker 0] rollout 7 [451/625] done=450
[worker 2] rollout 8 [451/625] done=450
[worker 1] rollout 8 [100/625] done=100
[worker 6] rollout 8 [150/625] done=150
[worker 4] rollout 7 [376/625] done=375
[worker 5] rollout 8 [125/625] done=125
[worker 3] rollout 8 [276/625] done=275
[worker 1] rollout 8 [125/625] done=125
[worker 7] rollout 7 [551/625] done=550
[worker 2] rollout 8 [476/625] done=475
[worker 6] rollout 8 [175/625] done=175
[worker 0] rollout 7 [476/625] done=475
[worker 5] rollout 8 [150/625] done=150
[worker 3] rollout 8 [301/625] done=300
[worker 4] rollout 7 [401/625] done=400
[worker 1] rollout 8 [150/625] done=150
[worker 7] rollout 7 [576/625] done=575
[worker 2] rollout 8 [501/625] done=500
[worker 6] rollout 8 [200/625] done=200
[worker 3] rollout 8 [327/625] done=325
[worker 0] rollout 7 [501/625] done=500
[worker 5] rollout 8 [175/625] done=175
[worker 4] rollout 7 [426/625] done=425
[worker 1] rollout 8 [175/625] done=175
[worker 7] rollout 7 [601/625] done=600
[worker 3] rollout 8 [352/625] done=350
[worker 2] rollout 8 [526/625] done=525
[worker 6] rollout 8 [225/625] done=225
[worker 5] rollout 8 [200/625] done=200
[worker 4] rollout 7 [451/625] done=450
[worker 0] rollout 7 [526/625] done=525
[worker 1] rollout 8 [200/625] done=200
[worker 3] rollout 8 [377/625] done=375
[worker 6] rollout 8 [250/625] done=250
[worker 2] rollout 8 [551/625] done=550
[worker 5] rollout 8 [225/625] done=225
[worker 7] rollout 7: saved 624 records / 23053 preds -> runs/coco/internvl_image/features/rollout7/shard7.pt
[worker 4] rollout 7 [476/625] done=475
[worker 0] rollout 7 [551/625] done=550
[worker 1] rollout 8 [225/625] done=225
[worker 6] rollout 8 [275/625] done=275
[worker 3] rollout 8 [402/625] done=400
[worker 2] rollout 8 [576/625] done=575
[worker 5] rollout 8 [250/625] done=250
[worker 4] rollout 7 [501/625] done=500
[worker 7] rollout 8 [25/625] done=25
[worker 0] rollout 7 [576/625] done=575
[worker 1] rollout 8 [250/625] done=250
[worker 5] rollout 8 [275/625] done=275
[worker 6] rollout 8 [300/625] done=300
[worker 2] rollout 8 [601/625] done=600
[worker 4] rollout 7 [526/625] done=525
[worker 3] rollout 8 [427/625] done=425
[worker 7] rollout 8 [50/625] done=50
[worker 1] rollout 8 [275/625] done=275
[worker 0] rollout 7 [601/625] done=600
[worker 5] rollout 8 [301/625] done=300
[worker 6] rollout 8 [325/625] done=325
[worker 3] rollout 8 [452/625] done=450
[worker 4] rollout 7 [551/625] done=550
[worker 7] rollout 8 [75/625] done=75
[worker 2] rollout 8: saved 624 records / 19595 preds -> runs/coco/internvl_image/features/rollout8/shard2.pt
[worker 1] rollout 8 [300/625] done=300
[worker 6] rollout 8 [350/625] done=350
[worker 5] rollout 8 [326/625] done=325
[worker 7] rollout 8 [100/625] done=100
[worker 4] rollout 7 [576/625] done=575
[worker 3] rollout 8 [477/625] done=475
[worker 0] rollout 7: saved 624 records / 20707 preds -> runs/coco/internvl_image/features/rollout7/shard0.pt
[worker 2] rollout 9 [25/625] done=25
[worker 1] rollout 8 [325/625] done=325
[worker 6] rollout 8 [375/625] done=375
[worker 5] rollout 8 [351/625] done=350
[worker 7] rollout 8 [125/625] done=125
[worker 4] rollout 7 [601/625] done=600
[worker 2] rollout 9 [50/625] done=50
[worker 3] rollout 8 [502/625] done=500
[worker 1] rollout 8 [350/625] done=350
[worker 6] rollout 8 [400/625] done=400
[worker 0] rollout 8 [25/625] done=25
[worker 5] rollout 8 [376/625] done=375
[worker 7] rollout 8 [151/625] done=150
[worker 1] rollout 8 [375/625] done=375
[worker 2] rollout 9 [75/625] done=75
[worker 0] rollout 8 [50/625] done=50
[worker 4] rollout 7: saved 624 records / 21172 preds -> runs/coco/internvl_image/features/rollout7/shard4.pt
[worker 6] rollout 8 [425/625] done=425
[worker 5] rollout 8 [401/625] done=400
[worker 3] rollout 8 [527/625] done=525
[worker 7] rollout 8 [176/625] done=175
[worker 0] rollout 8 [75/625] done=75
[worker 1] rollout 8 [400/625] done=400
[worker 4] rollout 8 [25/625] done=25
[worker 2] rollout 9 [100/625] done=100
[worker 5] rollout 8 [427/625] done=425
[worker 6] rollout 8 [450/625] done=450
[worker 3] rollout 8 [552/625] done=550
[worker 7] rollout 8 [201/625] done=200
[worker 0] rollout 8 [100/625] done=100
[worker 1] rollout 8 [425/625] done=425
[worker 4] rollout 8 [50/625] done=50
[worker 2] rollout 9 [125/625] done=125
[worker 5] rollout 8 [452/625] done=450
[worker 6] rollout 8 [475/625] done=475
[worker 3] rollout 8 [577/625] done=575
[worker 7] rollout 8 [226/625] done=225
[worker 0] rollout 8 [125/625] done=125
[worker 1] rollout 8 [450/625] done=450
[worker 6] rollout 8 [500/625] done=500
[worker 4] rollout 8 [75/625] done=75
[worker 2] rollout 9 [150/625] done=150
[worker 3] rollout 8 [602/625] done=600
[worker 5] rollout 8 [477/625] done=475
[worker 7] rollout 8 [251/625] done=250
[worker 1] rollout 8 [475/625] done=475
[worker 4] rollout 8 [100/625] done=100
[worker 6] rollout 8 [525/625] done=525
[worker 2] rollout 9 [175/625] done=175
[worker 5] rollout 8 [502/625] done=500
[worker 0] rollout 8 [150/625] done=150
[worker 3] rollout 8: saved 623 records / 18671 preds -> runs/coco/internvl_image/features/rollout8/shard3.pt
[worker 4] rollout 8 [125/625] done=125
[worker 7] rollout 8 [276/625] done=275
[worker 1] rollout 8 [500/625] done=500
[worker 6] rollout 8 [550/625] done=550
[worker 5] rollout 8 [527/625] done=525
[worker 0] rollout 8 [175/625] done=175
[worker 2] rollout 9 [200/625] done=200
[worker 3] rollout 9 [25/625] done=25
[worker 4] rollout 8 [150/625] done=150
[worker 1] rollout 8 [525/625] done=525
[worker 7] rollout 8 [301/625] done=300
[worker 6] rollout 8 [575/625] done=575
[worker 5] rollout 8 [552/625] done=550
[worker 3] rollout 9 [50/625] done=50
[worker 2] rollout 9 [225/625] done=225
[worker 0] rollout 8 [200/625] done=200
[worker 4] rollout 8 [175/625] done=175
[worker 1] rollout 8 [550/625] done=550
[worker 6] rollout 8 [600/625] done=600
[worker 7] rollout 8 [326/625] done=325
[worker 3] rollout 9 [75/625] done=75
[worker 4] rollout 8 [200/625] done=200
[worker 5] rollout 8 [577/625] done=575
[worker 0] rollout 8 [225/625] done=225
[worker 2] rollout 9 [250/625] done=250
[worker 1] rollout 8 [575/625] done=575
[worker 6] rollout 8 [625/625] done=625
[worker 3] rollout 9 [100/625] done=100
[worker 7] rollout 8 [351/625] done=350
[worker 4] rollout 8 [225/625] done=225
[worker 6] rollout 8: saved 625 records / 19003 preds -> runs/coco/internvl_image/features/rollout8/shard6.pt
[worker 5] rollout 8 [602/625] done=600
[worker 0] rollout 8 [250/625] done=250
[worker 3] rollout 9 [125/625] done=125
[worker 1] rollout 8 [600/625] done=600
[worker 2] rollout 9 [275/625] done=275
[worker 4] rollout 8 [250/625] done=250
[worker 6] rollout 9 [25/625] done=25
[worker 7] rollout 8 [376/625] done=375
[worker 0] rollout 8 [275/625] done=275
[worker 3] rollout 9 [150/625] done=150
[worker 1] rollout 8 [625/625] done=625
[worker 5] rollout 8: saved 623 records / 18297 preds -> runs/coco/internvl_image/features/rollout8/shard5.pt
[worker 6] rollout 9 [50/625] done=50
[worker 2] rollout 9 [300/625] done=300
[worker 1] rollout 8: saved 625 records / 21133 preds -> runs/coco/internvl_image/features/rollout8/shard1.pt
[worker 7] rollout 8 [401/625] done=400
[worker 4] rollout 8 [276/625] done=275
[worker 5] rollout 9 [25/625] done=25
[worker 3] rollout 9 [175/625] done=175
[worker 0] rollout 8 [300/625] done=300
[worker 6] rollout 9 [75/625] done=75
[worker 1] rollout 9 [25/625] done=25
[worker 2] rollout 9 [325/625] done=325
[worker 4] rollout 8 [301/625] done=300
[worker 5] rollout 9 [50/625] done=50
[worker 7] rollout 8 [426/625] done=425
[worker 3] rollout 9 [200/625] done=200
[worker 6] rollout 9 [100/625] done=100
[worker 1] rollout 9 [50/625] done=50
[worker 0] rollout 8 [325/625] done=325
[worker 2] rollout 9 [350/625] done=350
[worker 5] rollout 9 [75/625] done=75
[worker 4] rollout 8 [326/625] done=325
[worker 3] rollout 9 [225/625] done=225
[worker 7] rollout 8 [451/625] done=450
[worker 1] rollout 9 [75/625] done=75
[worker 2] rollout 9 [375/625] done=375
[worker 6] rollout 9 [125/625] done=125
[worker 0] rollout 8 [350/625] done=350
[worker 5] rollout 9 [100/625] done=100
[worker 3] rollout 9 [251/625] done=250
[worker 4] rollout 8 [351/625] done=350
[worker 1] rollout 9 [100/625] done=100
[worker 7] rollout 8 [476/625] done=475
[worker 6] rollout 9 [150/625] done=150
[worker 2] rollout 9 [400/625] done=400
[worker 0] rollout 8 [375/625] done=375
[worker 5] rollout 9 [125/625] done=125
[worker 3] rollout 9 [276/625] done=275
[worker 4] rollout 8 [376/625] done=375
[worker 6] rollout 9 [175/625] done=175
[worker 1] rollout 9 [125/625] done=125
[worker 7] rollout 8 [501/625] done=500
[worker 2] rollout 9 [425/625] done=425
[worker 3] rollout 9 [301/625] done=300
[worker 0] rollout 8 [400/625] done=400
[worker 5] rollout 9 [150/625] done=150
[worker 1] rollout 9 [150/625] done=150
[worker 4] rollout 8 [401/625] done=400
[worker 6] rollout 9 [200/625] done=200
[worker 7] rollout 8 [526/625] done=525
[worker 2] rollout 9 [450/625] done=450
[worker 3] rollout 9 [326/625] done=325
[worker 0] rollout 8 [425/625] done=425
[worker 5] rollout 9 [175/625] done=175
[worker 1] rollout 9 [175/625] done=175
[worker 6] rollout 9 [225/625] done=225
[worker 7] rollout 8 [551/625] done=550
[worker 4] rollout 8 [426/625] done=425
[worker 3] rollout 9 [351/625] done=350
[worker 2] rollout 9 [475/625] done=475
[worker 0] rollout 8 [450/625] done=450
[worker 1] rollout 9 [200/625] done=200
[worker 5] rollout 9 [200/625] done=200
[worker 6] rollout 9 [250/625] done=250
[worker 7] rollout 8 [576/625] done=575
[worker 3] rollout 9 [376/625] done=375
[worker 4] rollout 8 [451/625] done=450
[worker 2] rollout 9 [500/625] done=500
[worker 0] rollout 8 [475/625] done=475
[worker 5] rollout 9 [225/625] done=225
[worker 1] rollout 9 [225/625] done=225
[worker 6] rollout 9 [275/625] done=275
[worker 7] rollout 8 [601/625] done=600
[worker 3] rollout 9 [401/625] done=400
[worker 4] rollout 8 [476/625] done=475
[worker 1] rollout 9 [250/625] done=250
[worker 0] rollout 8 [500/625] done=500
[worker 5] rollout 9 [250/625] done=250
[worker 6] rollout 9 [300/625] done=300
[worker 2] rollout 9 [525/625] done=525
[worker 4] rollout 8 [501/625] done=500
[worker 3] rollout 9 [426/625] done=425
[worker 7] rollout 8: saved 624 records / 23509 preds -> runs/coco/internvl_image/features/rollout8/shard7.pt
[worker 5] rollout 9 [275/625] done=275
[worker 1] rollout 9 [275/625] done=275
[worker 2] rollout 9 [550/625] done=550
[worker 6] rollout 9 [325/625] done=325
[worker 0] rollout 8 [525/625] done=525
[worker 4] rollout 8 [526/625] done=525
[worker 3] rollout 9 [451/625] done=450
[worker 7] rollout 9 [25/625] done=25
[worker 1] rollout 9 [300/625] done=300
[worker 2] rollout 9 [575/625] done=575
[worker 5] rollout 9 [300/625] done=300
[worker 6] rollout 9 [350/625] done=350
[worker 4] rollout 8 [551/625] done=550
[worker 0] rollout 8 [550/625] done=550
[worker 3] rollout 9 [476/625] done=475
[worker 7] rollout 9 [50/625] done=50
[worker 1] rollout 9 [325/625] done=325
[worker 2] rollout 9 [600/625] done=600
[worker 6] rollout 9 [375/625] done=375
[worker 5] rollout 9 [325/625] done=325
[worker 3] rollout 9 [501/625] done=500
[worker 0] rollout 8 [575/625] done=575
[worker 4] rollout 8 [576/625] done=575
[worker 7] rollout 9 [75/625] done=75
[worker 1] rollout 9 [350/625] done=350
[worker 2] rollout 9 [625/625] done=625
[worker 5] rollout 9 [350/625] done=350
[worker 6] rollout 9 [400/625] done=400
[worker 3] rollout 9 [526/625] done=525
[worker 4] rollout 8 [601/625] done=600
[worker 2] rollout 9: saved 625 records / 20466 preds -> runs/coco/internvl_image/features/rollout9/shard2.pt
[worker 0] rollout 8 [601/625] done=600
[worker 7] rollout 9 [100/625] done=100
[worker 1] rollout 9 [375/625] done=375
[worker 5] rollout 9 [375/625] done=375
[worker 3] rollout 9 [551/625] done=550
[worker 6] rollout 9 [425/625] done=425
[worker 2] rollout 10 [25/625] done=25
[worker 4] rollout 8: saved 624 records / 19852 preds -> runs/coco/internvl_image/features/rollout8/shard4.pt
[worker 7] rollout 9 [125/625] done=125
[worker 1] rollout 9 [400/625] done=400
[worker 5] rollout 9 [400/625] done=400
[worker 6] rollout 9 [450/625] done=450
[worker 3] rollout 9 [576/625] done=575
[worker 0] rollout 8: saved 623 records / 18829 preds -> runs/coco/internvl_image/features/rollout8/shard0.pt
[worker 2] rollout 10 [50/625] done=50
[worker 4] rollout 9 [25/625] done=25
[worker 7] rollout 9 [150/625] done=150
[worker 1] rollout 9 [425/625] done=425
[worker 5] rollout 9 [425/625] done=425
[worker 2] rollout 10 [75/625] done=75
[worker 3] rollout 9 [601/625] done=600
[worker 6] rollout 9 [475/625] done=475
[worker 4] rollout 9 [50/625] done=50
[worker 0] rollout 9 [25/625] done=25
[worker 7] rollout 9 [175/625] done=175
[worker 2] rollout 10 [100/625] done=100
[worker 5] rollout 9 [450/625] done=450
[worker 1] rollout 9 [450/625] done=450
[worker 6] rollout 9 [500/625] done=500
[worker 4] rollout 9 [75/625] done=75
[worker 0] rollout 9 [50/625] done=50
[worker 3] rollout 9: saved 624 records / 17718 preds -> runs/coco/internvl_image/features/rollout9/shard3.pt
[worker 7] rollout 9 [200/625] done=200
[worker 2] rollout 10 [125/625] done=125
[worker 4] rollout 9 [100/625] done=100
[worker 5] rollout 9 [475/625] done=475
[worker 6] rollout 9 [526/625] done=525
[worker 0] rollout 9 [75/625] done=75
[worker 1] rollout 9 [475/625] done=475
[worker 7] rollout 9 [225/625] done=225
[worker 3] rollout 10 [25/625] done=25
[worker 4] rollout 9 [125/625] done=125
[worker 2] rollout 10 [150/625] done=150
[worker 5] rollout 9 [501/625] done=500
[worker 6] rollout 9 [551/625] done=550
[worker 7] rollout 9 [250/625] done=250
[worker 0] rollout 9 [100/625] done=100
[worker 1] rollout 9 [500/625] done=500
[worker 3] rollout 10 [50/625] done=50
[worker 2] rollout 10 [175/625] done=175
[worker 4] rollout 9 [150/625] done=150
[worker 5] rollout 9 [527/625] done=525
[worker 7] rollout 9 [275/625] done=275
[worker 6] rollout 9 [576/625] done=575
[worker 1] rollout 9 [525/625] done=525
[worker 0] rollout 9 [125/625] done=125
[worker 3] rollout 10 [75/625] done=75
[worker 4] rollout 9 [175/625] done=175
[worker 2] rollout 10 [200/625] done=200
[worker 5] rollout 9 [552/625] done=550
[worker 7] rollout 9 [300/625] done=300
[worker 1] rollout 9 [550/625] done=550
[worker 6] rollout 9 [601/625] done=600
[worker 4] rollout 9 [200/625] done=200
[worker 3] rollout 10 [100/625] done=100
[worker 2] rollout 10 [225/625] done=225
[worker 0] rollout 9 [150/625] done=150
[worker 5] rollout 9 [577/625] done=575
[worker 7] rollout 9 [325/625] done=325
[worker 3] rollout 10 [125/625] done=125
[worker 1] rollout 9 [575/625] done=575
[worker 4] rollout 9 [225/625] done=225
[worker 0] rollout 9 [175/625] done=175
[worker 2] rollout 10 [250/625] done=250
[worker 6] rollout 9: saved 624 records / 20110 preds -> runs/coco/internvl_image/features/rollout9/shard6.pt
[worker 5] rollout 9 [602/625] done=600
[worker 4] rollout 9 [250/625] done=250
[worker 0] rollout 9 [200/625] done=200
[worker 7] rollout 9 [350/625] done=350
[worker 1] rollout 9 [600/625] done=600
[worker 3] rollout 10 [150/625] done=150
[worker 2] rollout 10 [276/625] done=275
[worker 6] rollout 10 [25/625] done=25
[worker 5] rollout 9: saved 623 records / 20084 preds -> runs/coco/internvl_image/features/rollout9/shard5.pt
[worker 1] rollout 9 [625/625] done=625
[worker 3] rollout 10 [175/625] done=175
[worker 4] rollout 9 [275/625] done=275
[worker 7] rollout 9 [375/625] done=375
[worker 2] rollout 10 [301/625] done=300
[worker 0] rollout 9 [225/625] done=225
[worker 6] rollout 10 [50/625] done=50
[worker 1] rollout 9: saved 625 records / 20335 preds -> runs/coco/internvl_image/features/rollout9/shard1.pt
[worker 5] rollout 10 [25/625] done=25
[worker 6] rollout 10 [75/625] done=75
[worker 3] rollout 10 [200/625] done=200
[worker 2] rollout 10 [326/625] done=325
[worker 0] rollout 9 [250/625] done=250
[worker 4] rollout 9 [300/625] done=300
[worker 7] rollout 9 [400/625] done=400
[worker 1] rollout 10 [25/625] done=25
[worker 5] rollout 10 [50/625] done=50
[worker 6] rollout 10 [100/625] done=100
[worker 3] rollout 10 [225/625] done=225
[worker 2] rollout 10 [351/625] done=350
[worker 1] rollout 10 [50/625] done=50
[worker 0] rollout 9 [275/625] done=275
[worker 4] rollout 9 [325/625] done=325
[worker 7] rollout 9 [425/625] done=425
[worker 5] rollout 10 [75/625] done=75
[worker 2] rollout 10 [376/625] done=375
[worker 6] rollout 10 [125/625] done=125
[worker 3] rollout 10 [250/625] done=250
[worker 1] rollout 10 [76/625] done=75
[worker 0] rollout 9 [300/625] done=300
[worker 4] rollout 9 [350/625] done=350
[worker 5] rollout 10 [100/625] done=100
[worker 6] rollout 10 [150/625] done=150
[worker 7] rollout 9 [450/625] done=450
[worker 3] rollout 10 [275/625] done=275
[worker 2] rollout 10 [401/625] done=400
[worker 1] rollout 10 [101/625] done=100
[worker 4] rollout 9 [375/625] done=375
[worker 5] rollout 10 [125/625] done=125
[worker 6] rollout 10 [175/625] done=175
[worker 0] rollout 9 [325/625] done=325
[worker 3] rollout 10 [300/625] done=300
[worker 7] rollout 9 [475/625] done=475
[worker 2] rollout 10 [426/625] done=425
[worker 1] rollout 10 [126/625] done=125
[worker 4] rollout 9 [400/625] done=400
[worker 5] rollout 10 [150/625] done=150
[worker 6] rollout 10 [200/625] done=200
[worker 3] rollout 10 [325/625] done=325
[worker 7] rollout 9 [500/625] done=500
[worker 0] rollout 9 [350/625] done=350
[worker 2] rollout 10 [451/625] done=450
[worker 1] rollout 10 [151/625] done=150
[worker 5] rollout 10 [175/625] done=175
[worker 4] rollout 9 [425/625] done=425
[worker 3] rollout 10 [350/625] done=350
[worker 6] rollout 10 [225/625] done=225
[worker 7] rollout 9 [525/625] done=525
[worker 1] rollout 10 [176/625] done=175
[worker 2] rollout 10 [476/625] done=475
[worker 0] rollout 9 [375/625] done=375
[worker 6] rollout 10 [250/625] done=250
[worker 5] rollout 10 [200/625] done=200
[worker 3] rollout 10 [375/625] done=375
[worker 4] rollout 9 [450/625] done=450
[worker 1] rollout 10 [202/625] done=200
[worker 7] rollout 9 [550/625] done=550
[worker 2] rollout 10 [501/625] done=500
[worker 6] rollout 10 [275/625] done=275
[worker 0] rollout 9 [400/625] done=400
[worker 3] rollout 10 [400/625] done=400
[worker 5] rollout 10 [225/625] done=225
[worker 4] rollout 9 [475/625] done=475
[worker 1] rollout 10 [227/625] done=225
[worker 7] rollout 9 [575/625] done=575
[worker 2] rollout 10 [526/625] done=525
[worker 4] rollout 9 [500/625] done=500
[worker 6] rollout 10 [300/625] done=300
[worker 5] rollout 10 [250/625] done=250
[worker 3] rollout 10 [426/625] done=425
[worker 1] rollout 10 [252/625] done=250
[worker 0] rollout 9 [425/625] done=425
[worker 2] rollout 10 [551/625] done=550
[worker 7] rollout 9 [600/625] done=600
[worker 4] rollout 9 [525/625] done=525
[worker 6] rollout 10 [325/625] done=325
[worker 3] rollout 10 [451/625] done=450
[worker 5] rollout 10 [275/625] done=275
[worker 1] rollout 10 [277/625] done=275
[worker 2] rollout 10 [576/625] done=575
[worker 0] rollout 9 [450/625] done=450
[worker 7] rollout 9 [625/625] done=625
[worker 4] rollout 9 [550/625] done=550
[worker 6] rollout 10 [350/625] done=350
[worker 5] rollout 10 [300/625] done=300
[worker 7] rollout 9: saved 625 records / 23033 preds -> runs/coco/internvl_image/features/rollout9/shard7.pt
[worker 1] rollout 10 [302/625] done=300
[worker 2] rollout 10 [601/625] done=600
[worker 3] rollout 10 [476/625] done=475
[worker 0] rollout 9 [475/625] done=475
[worker 4] rollout 9 [575/625] done=575
[worker 6] rollout 10 [375/625] done=375
[worker 5] rollout 10 [325/625] done=325
[worker 7] rollout 10 [25/625] done=25
[worker 1] rollout 10 [327/625] done=325
[worker 3] rollout 10 [501/625] done=500
[worker 2] rollout 10: saved 624 records / 20954 preds -> runs/coco/internvl_image/features/rollout10/shard2.pt
[worker 4] rollout 9 [601/625] done=600
[worker 6] rollout 10 [400/625] done=400
[worker 0] rollout 9 [500/625] done=500
[worker 7] rollout 10 [50/625] done=50
[worker 5] rollout 10 [350/625] done=350
[worker 1] rollout 10 [352/625] done=350
[worker 3] rollout 10 [526/625] done=525
[worker 2] rollout 11 [25/625] done=25
[worker 6] rollout 10 [425/625] done=425
[worker 7] rollout 10 [75/625] done=75
[worker 0] rollout 9 [525/625] done=525
[worker 1] rollout 10 [377/625] done=375
[worker 4] rollout 9: saved 624 records / 21321 preds -> runs/coco/internvl_image/features/rollout9/shard4.pt
[worker 5] rollout 10 [375/625] done=375
[worker 3] rollout 10 [551/625] done=550
[worker 2] rollout 11 [50/625] done=50
[worker 7] rollout 10 [100/625] done=100
[worker 6] rollout 10 [450/625] done=450
[worker 4] rollout 10 [25/625] done=25
[worker 5] rollout 10 [400/625] done=400
[worker 1] rollout 10 [402/625] done=400
[worker 0] rollout 9 [550/625] done=550
[worker 2] rollout 11 [75/625] done=75
[worker 3] rollout 10 [576/625] done=575
[worker 7] rollout 10 [125/625] done=125
[worker 6] rollout 10 [475/625] done=475
[worker 5] rollout 10 [425/625] done=425
[worker 4] rollout 10 [50/625] done=50
[worker 2] rollout 11 [100/625] done=100
[worker 3] rollout 10 [601/625] done=600
[worker 0] rollout 9 [575/625] done=575
[worker 1] rollout 10 [427/625] done=425
[worker 7] rollout 10 [150/625] done=150
[worker 4] rollout 10 [75/625] done=75
[worker 6] rollout 10 [500/625] done=500
[worker 2] rollout 11 [125/625] done=125
[worker 5] rollout 10 [450/625] done=450
[worker 3] rollout 10: saved 624 records / 20884 preds -> runs/coco/internvl_image/features/rollout10/shard3.pt
[worker 0] rollout 9 [600/625] done=600
[worker 1] rollout 10 [452/625] done=450
[worker 7] rollout 10 [175/625] done=175
[worker 4] rollout 10 [100/625] done=100
[worker 2] rollout 11 [150/625] done=150
[worker 6] rollout 10 [525/625] done=525
[worker 5] rollout 10 [475/625] done=475
[worker 1] rollout 10 [477/625] done=475
[worker 3] rollout 11 [25/625] done=25
[worker 7] rollout 10 [200/625] done=200
[worker 0] rollout 9 [625/625] done=625
[worker 2] rollout 11 [175/625] done=175
[worker 4] rollout 10 [125/625] done=125
[worker 0] rollout 9: saved 625 records / 19831 preds -> runs/coco/internvl_image/features/rollout9/shard0.pt
[worker 5] rollout 10 [500/625] done=500
[worker 6] rollout 10 [550/625] done=550
[worker 1] rollout 10 [502/625] done=500
[worker 3] rollout 11 [50/625] done=50
[worker 7] rollout 10 [225/625] done=225
[worker 2] rollout 11 [200/625] done=200
[worker 4] rollout 10 [150/625] done=150
[worker 5] rollout 10 [525/625] done=525
[worker 6] rollout 10 [575/625] done=575
[worker 1] rollout 10 [527/625] done=525
[worker 3] rollout 11 [75/625] done=75
[worker 0] rollout 10 [25/625] done=25
[worker 7] rollout 10 [251/625] done=250
[worker 2] rollout 11 [225/625] done=225
[worker 4] rollout 10 [175/625] done=175
[worker 5] rollout 10 [550/625] done=550
[worker 6] rollout 10 [600/625] done=600
[worker 0] rollout 10 [50/625] done=50
[worker 3] rollout 11 [100/625] done=100
[worker 1] rollout 10 [552/625] done=550
[worker 2] rollout 11 [250/625] done=250
[worker 7] rollout 10 [276/625] done=275
[worker 4] rollout 10 [200/625] done=200
[worker 3] rollout 11 [126/625] done=125
[worker 0] rollout 10 [75/625] done=75
[worker 5] rollout 10 [575/625] done=575
[worker 6] rollout 10 [625/625] done=625
[worker 2] rollout 11 [275/625] done=275
[worker 1] rollout 10 [577/625] done=575
[worker 4] rollout 10 [225/625] done=225
[worker 7] rollout 10 [301/625] done=300
[worker 6] rollout 10: saved 625 records / 20898 preds -> runs/coco/internvl_image/features/rollout10/shard6.pt
[worker 0] rollout 10 [100/625] done=100
[worker 5] rollout 10 [600/625] done=600
[worker 3] rollout 11 [151/625] done=150
[worker 2] rollout 11 [300/625] done=300
[worker 4] rollout 10 [250/625] done=250
[worker 1] rollout 10 [602/625] done=600
[worker 6] rollout 11 [25/625] done=25
[worker 7] rollout 10 [326/625] done=325
[worker 5] rollout 10 [625/625] done=625
[worker 3] rollout 11 [176/625] done=175
[worker 0] rollout 10 [125/625] done=125
[worker 2] rollout 11 [325/625] done=325
[worker 5] rollout 10: saved 625 records / 20584 preds -> runs/coco/internvl_image/features/rollout10/shard5.pt
[worker 4] rollout 10 [276/625] done=275
[worker 6] rollout 11 [50/625] done=50
[worker 7] rollout 10 [351/625] done=350
[worker 1] rollout 10: saved 623 records / 22343 preds -> runs/coco/internvl_image/features/rollout10/shard1.pt
[worker 3] rollout 11 [201/625] done=200
[worker 0] rollout 10 [150/625] done=150
[worker 2] rollout 11 [350/625] done=350
[worker 5] rollout 11 [25/625] done=25
[worker 6] rollout 11 [75/625] done=75
[worker 4] rollout 10 [301/625] done=300
[worker 1] rollout 11 [25/625] done=25
[worker 7] rollout 10 [376/625] done=375
[worker 3] rollout 11 [226/625] done=225
[worker 5] rollout 11 [50/625] done=50
[worker 2] rollout 11 [375/625] done=375
[worker 0] rollout 10 [175/625] done=175
[worker 6] rollout 11 [100/625] done=100
[worker 1] rollout 11 [50/625] done=50
[worker 4] rollout 10 [326/625] done=325
[worker 3] rollout 11 [252/625] done=250
[worker 5] rollout 11 [75/625] done=75
[worker 7] rollout 10 [401/625] done=400
[worker 2] rollout 11 [400/625] done=400
[worker 0] rollout 10 [200/625] done=200
[worker 6] rollout 11 [125/625] done=125
[worker 1] rollout 11 [75/625] done=75
[worker 3] rollout 11 [277/625] done=275
[worker 4] rollout 10 [351/625] done=350
[worker 5] rollout 11 [100/625] done=100
[worker 6] rollout 11 [150/625] done=150
[worker 2] rollout 11 [425/625] done=425
[worker 7] rollout 10 [426/625] done=425
[worker 0] rollout 10 [225/625] done=225
[worker 1] rollout 11 [100/625] done=100
[worker 6] rollout 11 [175/625] done=175
[worker 3] rollout 11 [302/625] done=300
[worker 4] rollout 10 [376/625] done=375
[worker 2] rollout 11 [450/625] done=450
[worker 5] rollout 11 [125/625] done=125
[worker 7] rollout 10 [451/625] done=450
[worker 0] rollout 10 [250/625] done=250
[worker 1] rollout 11 [125/625] done=125
[worker 6] rollout 11 [200/625] done=200
[worker 5] rollout 11 [150/625] done=150
[worker 2] rollout 11 [475/625] done=475
[worker 3] rollout 11 [327/625] done=325
[worker 4] rollout 10 [401/625] done=400
[worker 7] rollout 10 [476/625] done=475
[worker 0] rollout 10 [275/625] done=275
[worker 1] rollout 11 [150/625] done=150
[worker 6] rollout 11 [225/625] done=225
[worker 5] rollout 11 [175/625] done=175
[worker 2] rollout 11 [500/625] done=500
[worker 3] rollout 11 [352/625] done=350
[worker 4] rollout 10 [426/625] done=425
[worker 7] rollout 10 [501/625] done=500
[worker 0] rollout 10 [300/625] done=300
[worker 1] rollout 11 [175/625] done=175
[worker 5] rollout 11 [200/625] done=200
[worker 3] rollout 11 [377/625] done=375
[worker 6] rollout 11 [250/625] done=250
[worker 2] rollout 11 [525/625] done=525
[worker 7] rollout 10 [526/625] done=525
[worker 4] rollout 10 [451/625] done=450
[worker 1] rollout 11 [200/625] done=200
[worker 0] rollout 10 [325/625] done=325
[worker 6] rollout 11 [275/625] done=275
[worker 5] rollout 11 [225/625] done=225
[worker 3] rollout 11 [402/625] done=400
[worker 4] rollout 10 [476/625] done=475
[worker 7] rollout 10 [551/625] done=550
[worker 1] rollout 11 [225/625] done=225
[worker 2] rollout 11 [550/625] done=550
[worker 0] rollout 10 [351/625] done=350
[worker 4] rollout 10 [501/625] done=500
[worker 5] rollout 11 [250/625] done=250
[worker 6] rollout 11 [300/625] done=300
[worker 3] rollout 11 [427/625] done=425
[worker 0] rollout 10 [376/625] done=375
[worker 7] rollout 10 [576/625] done=575
[worker 1] rollout 11 [250/625] done=250
[worker 2] rollout 11 [575/625] done=575
[worker 5] rollout 11 [275/625] done=275
[worker 4] rollout 10 [526/625] done=525
[worker 3] rollout 11 [452/625] done=450
[worker 0] rollout 10 [401/625] done=400
[worker 7] rollout 10 [601/625] done=600
[worker 6] rollout 11 [325/625] done=325
[worker 1] rollout 11 [275/625] done=275
[worker 2] rollout 11 [600/625] done=600
[worker 5] rollout 11 [300/625] done=300
[worker 3] rollout 11 [477/625] done=475
[worker 0] rollout 10 [426/625] done=425
[worker 4] rollout 10 [551/625] done=550
[worker 1] rollout 11 [300/625] done=300
[worker 2] rollout 11 [625/625] done=625
[worker 6] rollout 11 [350/625] done=350
[worker 2] rollout 11: saved 625 records / 19656 preds -> runs/coco/internvl_image/features/rollout11/shard2.pt
[worker 7] rollout 10: saved 624 records / 22711 preds -> runs/coco/internvl_image/features/rollout10/shard7.pt
[worker 5] rollout 11 [325/625] done=325
[worker 3] rollout 11 [502/625] done=500
[worker 1] rollout 11 [325/625] done=325
[worker 0] rollout 10 [451/625] done=450
[worker 6] rollout 11 [375/625] done=375
[worker 4] rollout 10 [576/625] done=575
[worker 7] rollout 11 [25/625] done=25
[worker 2] rollout 12 [25/625] done=25
[worker 5] rollout 11 [350/625] done=350
[worker 3] rollout 11 [527/625] done=525
[worker 0] rollout 10 [476/625] done=475
[worker 1] rollout 11 [350/625] done=350
[worker 7] rollout 11 [50/625] done=50
[worker 6] rollout 11 [400/625] done=400
[worker 2] rollout 12 [50/625] done=50
[worker 4] rollout 10 [601/625] done=600
[worker 5] rollout 11 [375/625] done=375
[worker 3] rollout 11 [552/625] done=550
[worker 1] rollout 11 [375/625] done=375
[worker 0] rollout 10 [501/625] done=500
[worker 7] rollout 11 [75/625] done=75
[worker 2] rollout 12 [75/625] done=75
[worker 6] rollout 11 [425/625] done=425
[worker 5] rollout 11 [400/625] done=400
[worker 3] rollout 11 [577/625] done=575
[worker 4] rollout 10: saved 624 records / 23755 preds -> runs/coco/internvl_image/features/rollout10/shard4.pt
[worker 0] rollout 10 [526/625] done=525
[worker 7] rollout 11 [100/625] done=100
[worker 1] rollout 11 [400/625] done=400
[worker 2] rollout 12 [100/625] done=100
[worker 6] rollout 11 [450/625] done=450
[worker 5] rollout 11 [425/625] done=425
[worker 4] rollout 11 [25/625] done=25
[worker 0] rollout 10 [551/625] done=550
[worker 3] rollout 11 [602/625] done=600
[worker 7] rollout 11 [125/625] done=125
[worker 1] rollout 11 [425/625] done=425
[worker 2] rollout 12 [125/625] done=125
[worker 6] rollout 11 [475/625] done=475
[worker 0] rollout 10 [576/625] done=575
[worker 5] rollout 11 [450/625] done=450
[worker 7] rollout 11 [150/625] done=150
[worker 4] rollout 11 [50/625] done=50
[worker 3] rollout 11: saved 623 records / 22298 preds -> runs/coco/internvl_image/features/rollout11/shard3.pt
[worker 1] rollout 11 [450/625] done=450
[worker 2] rollout 12 [150/625] done=150
[worker 6] rollout 11 [500/625] done=500
[worker 4] rollout 11 [75/625] done=75
[worker 0] rollout 10 [601/625] done=600
[worker 7] rollout 11 [175/625] done=175
[worker 5] rollout 11 [475/625] done=475
[worker 1] rollout 11 [475/625] done=475
[worker 3] rollout 12 [25/625] done=25
[worker 2] rollout 12 [175/625] done=175
[worker 4] rollout 11 [100/625] done=100
[worker 6] rollout 11 [525/625] done=525
[worker 7] rollout 11 [200/625] done=200
[worker 5] rollout 11 [501/625] done=500
[worker 1] rollout 11 [500/625] done=500
[worker 0] rollout 10: saved 624 records / 19862 preds -> runs/coco/internvl_image/features/rollout10/shard0.pt
[worker 3] rollout 12 [50/625] done=50
[worker 4] rollout 11 [125/625] done=125
[worker 2] rollout 12 [200/625] done=200
[worker 6] rollout 11 [550/625] done=550
[worker 5] rollout 11 [526/625] done=525
[worker 7] rollout 11 [225/625] done=225
[worker 1] rollout 11 [525/625] done=525
[worker 3] rollout 12 [75/625] done=75
[worker 4] rollout 11 [150/625] done=150
[worker 2] rollout 12 [225/625] done=225
[worker 0] rollout 11 [25/625] done=25
[worker 7] rollout 11 [251/625] done=250
[worker 5] rollout 11 [552/625] done=550
[worker 6] rollout 11 [575/625] done=575
[worker 1] rollout 11 [550/625] done=550
[worker 3] rollout 12 [100/625] done=100
[worker 4] rollout 11 [175/625] done=175
[worker 2] rollout 12 [250/625] done=250
[worker 0] rollout 11 [50/625] done=50
[worker 6] rollout 11 [600/625] done=600
[worker 7] rollout 11 [276/625] done=275
[worker 5] rollout 11 [577/625] done=575
[worker 3] rollout 12 [125/625] done=125
[worker 1] rollout 11 [575/625] done=575
[worker 4] rollout 11 [200/625] done=200
[worker 2] rollout 12 [275/625] done=275
[worker 0] rollout 11 [75/625] done=75
[worker 6] rollout 11 [625/625] done=625
[worker 7] rollout 11 [301/625] done=300
[worker 5] rollout 11 [603/625] done=600
[worker 1] rollout 11 [600/625] done=600
[worker 3] rollout 12 [150/625] done=150
[worker 6] rollout 11: saved 625 records / 21659 preds -> runs/coco/internvl_image/features/rollout11/shard6.pt
[worker 4] rollout 11 [225/625] done=225
[worker 2] rollout 12 [300/625] done=300
[worker 0] rollout 11 [100/625] done=100
[worker 1] rollout 11 [625/625] done=625
[worker 3] rollout 12 [175/625] done=175
[worker 6] rollout 12 [25/625] done=25
[worker 7] rollout 11 [326/625] done=325
[worker 4] rollout 11 [250/625] done=250
[worker 5] rollout 11: saved 622 records / 21630 preds -> runs/coco/internvl_image/features/rollout11/shard5.pt
[worker 1] rollout 11: saved 625 records / 21082 preds -> runs/coco/internvl_image/features/rollout11/shard1.pt
[worker 2] rollout 12 [325/625] done=325
[worker 6] rollout 12 [50/625] done=50
[worker 0] rollout 11 [125/625] done=125
[worker 7] rollout 11 [351/625] done=350
[worker 3] rollout 12 [200/625] done=200
[worker 4] rollout 11 [276/625] done=275
[worker 1] rollout 12 [25/625] done=25
[worker 5] rollout 12 [25/625] done=25
[worker 2] rollout 12 [350/625] done=350
[worker 6] rollout 12 [75/625] done=75
[worker 3] rollout 12 [225/625] done=225
[worker 7] rollout 11 [377/625] done=375
[worker 1] rollout 12 [50/625] done=50
[worker 0] rollout 11 [150/625] done=150
[worker 4] rollout 11 [301/625] done=300
[worker 5] rollout 12 [50/625] done=50
[worker 2] rollout 12 [375/625] done=375
[worker 6] rollout 12 [100/625] done=100
[worker 3] rollout 12 [250/625] done=250
[worker 1] rollout 12 [75/625] done=75
[worker 5] rollout 12 [75/625] done=75
[worker 7] rollout 11 [402/625] done=400
[worker 0] rollout 11 [175/625] done=175
[worker 2] rollout 12 [400/625] done=400
[worker 4] rollout 11 [326/625] done=325
[worker 6] rollout 12 [125/625] done=125
[worker 1] rollout 12 [100/625] done=100
[worker 5] rollout 12 [100/625] done=100
[worker 3] rollout 12 [275/625] done=275
[worker 0] rollout 11 [200/625] done=200
[worker 2] rollout 12 [425/625] done=425
[worker 7] rollout 11 [427/625] done=425
[worker 4] rollout 11 [351/625] done=350
[worker 6] rollout 12 [150/625] done=150
[worker 1] rollout 12 [125/625] done=125
[worker 5] rollout 12 [125/625] done=125
[worker 3] rollout 12 [300/625] done=300
[worker 2] rollout 12 [450/625] done=450
[worker 0] rollout 11 [225/625] done=225
[worker 7] rollout 11 [452/625] done=450
[worker 4] rollout 11 [376/625] done=375
[worker 6] rollout 12 [175/625] done=175
[worker 1] rollout 12 [150/625] done=150
[worker 5] rollout 12 [150/625] done=150
[worker 3] rollout 12 [325/625] done=325
[worker 2] rollout 12 [475/625] done=475
[worker 4] rollout 11 [401/625] done=400
[worker 7] rollout 11 [477/625] done=475
[worker 0] rollout 11 [250/625] done=250
[worker 6] rollout 12 [200/625] done=200
[worker 5] rollout 12 [175/625] done=175
[worker 1] rollout 12 [175/625] done=175
[worker 3] rollout 12 [350/625] done=350
[worker 2] rollout 12 [500/625] done=500
[worker 7] rollout 11 [502/625] done=500
[worker 4] rollout 11 [426/625] done=425
[worker 0] rollout 11 [275/625] done=275
[worker 5] rollout 12 [200/625] done=200
[worker 1] rollout 12 [200/625] done=200
[worker 3] rollout 12 [375/625] done=375
[worker 6] rollout 12 [225/625] done=225
[worker 2] rollout 12 [525/625] done=525
[worker 7] rollout 11 [527/625] done=525
[worker 4] rollout 11 [451/625] done=450
[worker 1] rollout 12 [225/625] done=225
[worker 0] rollout 11 [300/625] done=300
[worker 5] rollout 12 [225/625] done=225
[worker 6] rollout 12 [250/625] done=250
[worker 3] rollout 12 [400/625] done=400
[worker 2] rollout 12 [550/625] done=550
[worker 4] rollout 11 [476/625] done=475
[worker 1] rollout 12 [250/625] done=250
[worker 7] rollout 11 [552/625] done=550
[worker 6] rollout 12 [275/625] done=275
[worker 5] rollout 12 [250/625] done=250
[worker 0] rollout 11 [325/625] done=325
[worker 2] rollout 12 [575/625] done=575
[worker 4] rollout 11 [501/625] done=500
[worker 3] rollout 12 [425/625] done=425
[worker 1] rollout 12 [275/625] done=275
[worker 7] rollout 11 [577/625] done=575
[worker 5] rollout 12 [275/625] done=275
[worker 6] rollout 12 [300/625] done=300
[worker 2] rollout 12 [600/625] done=600
[worker 0] rollout 11 [350/625] done=350
[worker 3] rollout 12 [450/625] done=450
[worker 4] rollout 11 [526/625] done=525
[worker 1] rollout 12 [300/625] done=300
[worker 7] rollout 11 [602/625] done=600
[worker 5] rollout 12 [300/625] done=300
[worker 6] rollout 12 [325/625] done=325
[worker 2] rollout 12 [625/625] done=625
[worker 0] rollout 11 [375/625] done=375
[worker 4] rollout 11 [551/625] done=550
[worker 3] rollout 12 [475/625] done=475
[worker 2] rollout 12: saved 625 records / 21017 preds -> runs/coco/internvl_image/features/rollout12/shard2.pt
[worker 1] rollout 12 [325/625] done=325
[worker 5] rollout 12 [325/625] done=325
[worker 6] rollout 12 [350/625] done=350
[worker 0] rollout 11 [400/625] done=400
[worker 7] rollout 11: saved 623 records / 23194 preds -> runs/coco/internvl_image/features/rollout11/shard7.pt
[worker 3] rollout 12 [500/625] done=500
[worker 4] rollout 11 [576/625] done=575
[worker 2] rollout 13 [25/625] done=25
[worker 1] rollout 12 [350/625] done=350
[worker 5] rollout 12 [350/625] done=350
[worker 6] rollout 12 [375/625] done=375
[worker 7] rollout 12 [25/625] done=25
[worker 2] rollout 13 [50/625] done=50
[worker 4] rollout 11 [601/625] done=600
[worker 3] rollout 12 [525/625] done=525
[worker 1] rollout 12 [375/625] done=375
[worker 0] rollout 11 [425/625] done=425
[worker 6] rollout 12 [400/625] done=400
[worker 5] rollout 12 [375/625] done=375
[worker 2] rollout 13 [75/625] done=75
[worker 3] rollout 12 [550/625] done=550
[worker 7] rollout 12 [50/625] done=50
[worker 1] rollout 12 [400/625] done=400
[worker 0] rollout 11 [450/625] done=450
[worker 5] rollout 12 [400/625] done=400
[worker 4] rollout 11: saved 624 records / 22770 preds -> runs/coco/internvl_image/features/rollout11/shard4.pt
[worker 6] rollout 12 [425/625] done=425
[worker 2] rollout 13 [100/625] done=100
[worker 3] rollout 12 [575/625] done=575
[worker 7] rollout 12 [75/625] done=75
[worker 4] rollout 12 [25/625] done=25
[worker 1] rollout 12 [425/625] done=425
[worker 5] rollout 12 [425/625] done=425
[worker 0] rollout 11 [475/625] done=475
[worker 6] rollout 12 [450/625] done=450
[worker 2] rollout 13 [125/625] done=125
[worker 3] rollout 12 [600/625] done=600
[worker 7] rollout 12 [100/625] done=100
[worker 1] rollout 12 [450/625] done=450
[worker 4] rollout 12 [50/625] done=50
[worker 0] rollout 11 [500/625] done=500
[worker 5] rollout 12 [450/625] done=450
[worker 2] rollout 13 [150/625] done=150
[worker 3] rollout 12 [625/625] done=625
[worker 6] rollout 12 [475/625] done=475
[worker 7] rollout 12 [125/625] done=125
[worker 1] rollout 12 [475/625] done=475
[worker 4] rollout 12 [75/625] done=75
[worker 3] rollout 12: saved 625 records / 22446 preds -> runs/coco/internvl_image/features/rollout12/shard3.pt
[worker 0] rollout 11 [525/625] done=525
[worker 2] rollout 13 [175/625] done=175
[worker 5] rollout 12 [475/625] done=475
[worker 7] rollout 12 [150/625] done=150
[worker 6] rollout 12 [500/625] done=500
[worker 0] rollout 11 [550/625] done=550
[worker 1] rollout 12 [500/625] done=500
[worker 4] rollout 12 [100/625] done=100
[worker 2] rollout 13 [200/625] done=200
[worker 3] rollout 13 [25/625] done=25
[worker 5] rollout 12 [500/625] done=500
[worker 7] rollout 12 [175/625] done=175
[worker 0] rollout 11 [575/625] done=575
[worker 1] rollout 12 [525/625] done=525
[worker 6] rollout 12 [525/625] done=525
[worker 2] rollout 13 [225/625] done=225
[worker 4] rollout 12 [125/625] done=125
[worker 3] rollout 13 [50/625] done=50
[worker 5] rollout 12 [525/625] done=525
[worker 7] rollout 12 [200/625] done=200
[worker 2] rollout 13 [250/625] done=250
[worker 1] rollout 12 [550/625] done=550
[worker 0] rollout 11 [600/625] done=600
[worker 6] rollout 12 [550/625] done=550
[worker 4] rollout 12 [150/625] done=150
[worker 3] rollout 13 [75/625] done=75
[worker 5] rollout 12 [550/625] done=550
[worker 7] rollout 12 [225/625] done=225
[worker 2] rollout 13 [275/625] done=275
[worker 1] rollout 12 [575/625] done=575
[worker 6] rollout 12 [575/625] done=575
[worker 0] rollout 11 [625/625] done=625
[worker 3] rollout 13 [100/625] done=100
[worker 7] rollout 12 [250/625] done=250
[worker 4] rollout 12 [175/625] done=175
[worker 5] rollout 12 [575/625] done=575
[worker 2] rollout 13 [300/625] done=300
[worker 0] rollout 11: saved 625 records / 20237 preds -> runs/coco/internvl_image/features/rollout11/shard0.pt
[worker 1] rollout 12 [600/625] done=600
[worker 3] rollout 13 [125/625] done=125
[worker 6] rollout 12 [600/625] done=600
[worker 5] rollout 12 [600/625] done=600
[worker 2] rollout 13 [325/625] done=325
[worker 7] rollout 12 [275/625] done=275
[worker 4] rollout 12 [200/625] done=200
[worker 0] rollout 12 [25/625] done=25
[worker 6] rollout 12 [625/625] done=625
[worker 1] rollout 12 [625/625] done=625
[worker 3] rollout 13 [150/625] done=150
[worker 6] rollout 12: saved 625 records / 22085 preds -> runs/coco/internvl_image/features/rollout12/shard6.pt
[worker 5] rollout 12 [625/625] done=625
[worker 1] rollout 12: saved 625 records / 22870 preds -> runs/coco/internvl_image/features/rollout12/shard1.pt
[worker 7] rollout 12 [300/625] done=300
[worker 0] rollout 12 [50/625] done=50
[worker 2] rollout 13 [351/625] done=350
[worker 4] rollout 12 [225/625] done=225
[worker 5] rollout 12: saved 625 records / 21705 preds -> runs/coco/internvl_image/features/rollout12/shard5.pt
[worker 3] rollout 13 [175/625] done=175
[worker 1] rollout 13 [25/625] done=25
[worker 6] rollout 13 [25/625] done=25
[worker 0] rollout 12 [75/625] done=75
[worker 2] rollout 13 [376/625] done=375
[worker 5] rollout 13 [25/625] done=25
[worker 7] rollout 12 [325/625] done=325
[worker 4] rollout 12 [250/625] done=250
[worker 3] rollout 13 [200/625] done=200
[worker 1] rollout 13 [50/625] done=50
[worker 6] rollout 13 [50/625] done=50
[worker 0] rollout 12 [100/625] done=100
[worker 5] rollout 13 [50/625] done=50
[worker 7] rollout 12 [350/625] done=350
[worker 2] rollout 13 [401/625] done=400
[worker 3] rollout 13 [225/625] done=225
[worker 1] rollout 13 [75/625] done=75
[worker 6] rollout 13 [75/625] done=75
[worker 4] rollout 12 [275/625] done=275
[worker 5] rollout 13 [75/625] done=75
[worker 3] rollout 13 [250/625] done=250
[worker 0] rollout 12 [125/625] done=125
[worker 1] rollout 13 [100/625] done=100
[worker 6] rollout 13 [100/625] done=100
[worker 2] rollout 13 [426/625] done=425
[worker 7] rollout 12 [375/625] done=375
[worker 5] rollout 13 [100/625] done=100
[worker 4] rollout 12 [300/625] done=300
[worker 3] rollout 13 [275/625] done=275
[worker 6] rollout 13 [125/625] done=125
[worker 1] rollout 13 [125/625] done=125
[worker 2] rollout 13 [451/625] done=450
[worker 0] rollout 12 [150/625] done=150
[worker 7] rollout 12 [400/625] done=400
[worker 5] rollout 13 [125/625] done=125
[worker 6] rollout 13 [150/625] done=150
[worker 3] rollout 13 [300/625] done=300
[worker 1] rollout 13 [150/625] done=150
[worker 4] rollout 12 [325/625] done=325
[worker 0] rollout 12 [175/625] done=175
[worker 2] rollout 13 [476/625] done=475
[worker 7] rollout 12 [425/625] done=425
[worker 5] rollout 13 [150/625] done=150
[worker 6] rollout 13 [175/625] done=175
[worker 3] rollout 13 [325/625] done=325
[worker 1] rollout 13 [175/625] done=175
[worker 0] rollout 12 [201/625] done=200
[worker 2] rollout 13 [501/625] done=500
[worker 4] rollout 12 [350/625] done=350
[worker 5] rollout 13 [175/625] done=175
[worker 7] rollout 12 [450/625] done=450
[worker 1] rollout 13 [200/625] done=200
[worker 3] rollout 13 [350/625] done=350
[worker 0] rollout 12 [226/625] done=225
[worker 6] rollout 13 [200/625] done=200
[worker 4] rollout 12 [375/625] done=375
[worker 2] rollout 13 [526/625] done=525
[worker 5] rollout 13 [200/625] done=200
[worker 7] rollout 12 [475/625] done=475
[worker 0] rollout 12 [251/625] done=250
[worker 3] rollout 13 [375/625] done=375
[worker 1] rollout 13 [225/625] done=225
[worker 6] rollout 13 [225/625] done=225
[worker 4] rollout 12 [400/625] done=400
[worker 2] rollout 13 [551/625] done=550
[worker 5] rollout 13 [225/625] done=225
[worker 7] rollout 12 [500/625] done=500
[worker 6] rollout 13 [250/625] done=250
[worker 0] rollout 12 [276/625] done=275
[worker 3] rollout 13 [400/625] done=400
[worker 1] rollout 13 [250/625] done=250
[worker 4] rollout 12 [425/625] done=425
[worker 2] rollout 13 [576/625] done=575
[worker 5] rollout 13 [250/625] done=250
[worker 7] rollout 12 [525/625] done=525
[worker 6] rollout 13 [275/625] done=275
[worker 0] rollout 12 [301/625] done=300
[worker 1] rollout 13 [275/625] done=275
[worker 3] rollout 13 [425/625] done=425
[worker 4] rollout 12 [451/625] done=450
[worker 2] rollout 13 [601/625] done=600
[worker 5] rollout 13 [275/625] done=275
[worker 7] rollout 12 [550/625] done=550
[worker 6] rollout 13 [300/625] done=300
[worker 3] rollout 13 [450/625] done=450
[worker 1] rollout 13 [300/625] done=300
[worker 4] rollout 12 [476/625] done=475
[worker 0] rollout 12 [326/625] done=325
[worker 5] rollout 13 [300/625] done=300
[worker 2] rollout 13: saved 624 records / 19942 preds -> runs/coco/internvl_image/features/rollout13/shard2.pt
[worker 6] rollout 13 [325/625] done=325
[worker 7] rollout 12 [575/625] done=575
[worker 4] rollout 12 [501/625] done=500
[worker 1] rollout 13 [325/625] done=325
[worker 3] rollout 13 [475/625] done=475
[worker 5] rollout 13 [325/625] done=325
[worker 2] rollout 14 [25/625] done=25
[worker 6] rollout 13 [350/625] done=350
[worker 0] rollout 12 [351/625] done=350
[worker 7] rollout 12 [600/625] done=600
[worker 4] rollout 12 [526/625] done=525
[worker 3] rollout 13 [500/625] done=500
[worker 1] rollout 13 [350/625] done=350
[worker 2] rollout 14 [50/625] done=50
[worker 5] rollout 13 [350/625] done=350
[worker 6] rollout 13 [375/625] done=375
[worker 0] rollout 12 [376/625] done=375
[worker 4] rollout 12 [551/625] done=550
[worker 2] rollout 14 [75/625] done=75
[worker 3] rollout 13 [525/625] done=525
[worker 7] rollout 12 [625/625] done=625
[worker 1] rollout 13 [375/625] done=375
[worker 5] rollout 13 [375/625] done=375
[worker 6] rollout 13 [400/625] done=400
[worker 7] rollout 12: saved 625 records / 24661 preds -> runs/coco/internvl_image/features/rollout12/shard7.pt
[worker 2] rollout 14 [100/625] done=100
[worker 0] rollout 12 [401/625] done=400
[worker 3] rollout 13 [550/625] done=550
[worker 4] rollout 12 [576/625] done=575
[worker 1] rollout 13 [400/625] done=400
[worker 5] rollout 13 [400/625] done=400
[worker 6] rollout 13 [425/625] done=425
[worker 7] rollout 13 [25/625] done=25
[worker 4] rollout 12 [601/625] done=600
[worker 0] rollout 12 [426/625] done=425
[worker 3] rollout 13 [575/625] done=575
[worker 5] rollout 13 [425/625] done=425
[worker 1] rollout 13 [425/625] done=425
[worker 2] rollout 14 [125/625] done=125
[worker 7] rollout 13 [50/625] done=50
[worker 6] rollout 13 [451/625] done=450
[worker 3] rollout 13 [600/625] done=600
[worker 1] rollout 13 [450/625] done=450
[worker 0] rollout 12 [451/625] done=450
[worker 5] rollout 13 [450/625] done=450
[worker 4] rollout 12: saved 624 records / 24254 preds -> runs/coco/internvl_image/features/rollout12/shard4.pt
[worker 2] rollout 14 [150/625] done=150
[worker 7] rollout 13 [75/625] done=75
[worker 6] rollout 13 [476/625] done=475
[worker 3] rollout 13 [625/625] done=625
[worker 1] rollout 13 [475/625] done=475
[worker 0] rollout 12 [476/625] done=475
[worker 3] rollout 13: saved 625 records / 22083 preds -> runs/coco/internvl_image/features/rollout13/shard3.pt
[worker 4] rollout 13 [25/625] done=25
[worker 2] rollout 14 [175/625] done=175
[worker 7] rollout 13 [100/625] done=100
[worker 5] rollout 13 [475/625] done=475
[worker 0] rollout 12 [501/625] done=500
[worker 6] rollout 13 [501/625] done=500
[worker 2] rollout 14 [200/625] done=200
[worker 1] rollout 13 [500/625] done=500
[worker 4] rollout 13 [50/625] done=50
[worker 7] rollout 13 [125/625] done=125
[worker 3] rollout 14 [25/625] done=25
[worker 5] rollout 13 [500/625] done=500
[worker 0] rollout 12 [526/625] done=525
[worker 2] rollout 14 [225/625] done=225
[worker 6] rollout 13 [526/625] done=525
[worker 1] rollout 13 [525/625] done=525
[worker 4] rollout 13 [75/625] done=75
[worker 7] rollout 13 [151/625] done=150
[worker 3] rollout 14 [50/625] done=50
[worker 5] rollout 13 [526/625] done=525
[worker 0] rollout 12 [551/625] done=550
[worker 4] rollout 13 [100/625] done=100
[worker 2] rollout 14 [250/625] done=250
[worker 1] rollout 13 [550/625] done=550
[worker 6] rollout 13 [551/625] done=550
[worker 7] rollout 13 [176/625] done=175
[worker 5] rollout 13 [551/625] done=550
[worker 0] rollout 12 [576/625] done=575
[worker 4] rollout 13 [125/625] done=125
[worker 3] rollout 14 [75/625] done=75
[worker 2] rollout 14 [275/625] done=275
[worker 1] rollout 13 [575/625] done=575
[worker 7] rollout 13 [201/625] done=200
[worker 6] rollout 13 [576/625] done=575
[worker 4] rollout 13 [150/625] done=150
[worker 3] rollout 14 [100/625] done=100
[worker 0] rollout 12 [601/625] done=600
[worker 2] rollout 14 [300/625] done=300
[worker 5] rollout 13 [576/625] done=575
[worker 1] rollout 13 [600/625] done=600
[worker 7] rollout 13 [226/625] done=225
[worker 6] rollout 13 [601/625] done=600
[worker 4] rollout 13 [175/625] done=175
[worker 3] rollout 14 [125/625] done=125
[worker 5] rollout 13 [601/625] done=600
[worker 2] rollout 14 [325/625] done=325
[worker 7] rollout 13 [251/625] done=250
[worker 1] rollout 13 [625/625] done=625
[worker 4] rollout 13 [200/625] done=200
[worker 0] rollout 12: saved 623 records / 21200 preds -> runs/coco/internvl_image/features/rollout12/shard0.pt
[worker 3] rollout 14 [150/625] done=150
[worker 1] rollout 13: saved 625 records / 23105 preds -> runs/coco/internvl_image/features/rollout13/shard1.pt
[worker 6] rollout 13: saved 624 records / 19200 preds -> runs/coco/internvl_image/features/rollout13/shard6.pt
[worker 2] rollout 14 [350/625] done=350
[worker 4] rollout 13 [226/625] done=225
[worker 1] rollout 14 [25/625] done=25
[worker 7] rollout 13 [276/625] done=275
[worker 5] rollout 13: saved 624 records / 22190 preds -> runs/coco/internvl_image/features/rollout13/shard5.pt
[worker 6] rollout 14 [25/625] done=25
[worker 3] rollout 14 [175/625] done=175
[worker 0] rollout 13 [26/625] done=25
[worker 2] rollout 14 [375/625] done=375
[worker 4] rollout 13 [251/625] done=250
[worker 1] rollout 14 [50/625] done=50
[worker 5] rollout 14 [25/625] done=25
[worker 7] rollout 13 [301/625] done=300
[worker 6] rollout 14 [50/625] done=50
[worker 0] rollout 13 [51/625] done=50
[worker 3] rollout 14 [200/625] done=200
[worker 2] rollout 14 [400/625] done=400
[worker 1] rollout 14 [75/625] done=75
[worker 4] rollout 13 [277/625] done=275
[worker 5] rollout 14 [50/625] done=50
[worker 0] rollout 13 [76/625] done=75
[worker 6] rollout 14 [75/625] done=75
[worker 7] rollout 13 [326/625] done=325
[worker 3] rollout 14 [225/625] done=225
[worker 4] rollout 13 [302/625] done=300
[worker 1] rollout 14 [100/625] done=100
[worker 2] rollout 14 [425/625] done=425
[worker 5] rollout 14 [75/625] done=75
[worker 7] rollout 13 [351/625] done=350
[worker 0] rollout 13 [101/625] done=100
[worker 6] rollout 14 [100/625] done=100
[worker 3] rollout 14 [250/625] done=250
[worker 1] rollout 14 [125/625] done=125
[worker 2] rollout 14 [450/625] done=450
[worker 4] rollout 13 [327/625] done=325
[worker 5] rollout 14 [100/625] done=100
[worker 0] rollout 13 [126/625] done=125
[worker 7] rollout 13 [377/625] done=375
[worker 6] rollout 14 [125/625] done=125
[worker 3] rollout 14 [275/625] done=275
[worker 1] rollout 14 [150/625] done=150
[worker 6] rollout 14 [150/625] done=150
[worker 2] rollout 14 [475/625] done=475
[worker 4] rollout 13 [352/625] done=350
[worker 5] rollout 14 [125/625] done=125
[worker 7] rollout 13 [402/625] done=400
[worker 3] rollout 14 [300/625] done=300
[worker 0] rollout 13 [151/625] done=150
[worker 1] rollout 14 [175/625] done=175
[worker 6] rollout 14 [175/625] done=175
[worker 5] rollout 14 [150/625] done=150
[worker 2] rollout 14 [500/625] done=500
[worker 4] rollout 13 [377/625] done=375
[worker 0] rollout 13 [176/625] done=175
[worker 3] rollout 14 [325/625] done=325
[worker 7] rollout 13 [427/625] done=425
[worker 1] rollout 14 [200/625] done=200
[worker 5] rollout 14 [175/625] done=175
[worker 0] rollout 13 [201/625] done=200
[worker 6] rollout 14 [200/625] done=200
[worker 4] rollout 13 [402/625] done=400
[worker 3] rollout 14 [350/625] done=350
[worker 2] rollout 14 [525/625] done=525
[worker 7] rollout 13 [452/625] done=450
[worker 1] rollout 14 [225/625] done=225
[worker 0] rollout 13 [226/625] done=225
[worker 5] rollout 14 [200/625] done=200
[worker 3] rollout 14 [375/625] done=375
[worker 6] rollout 14 [225/625] done=225
[worker 2] rollout 14 [550/625] done=550
[worker 4] rollout 13 [427/625] done=425
[worker 7] rollout 13 [477/625] done=475
[worker 0] rollout 13 [251/625] done=250
[worker 1] rollout 14 [250/625] done=250
[worker 5] rollout 14 [225/625] done=225
[worker 3] rollout 14 [400/625] done=400
[worker 2] rollout 14 [575/625] done=575
[worker 6] rollout 14 [250/625] done=250
[worker 4] rollout 13 [452/625] done=450
[worker 0] rollout 13 [276/625] done=275
[worker 1] rollout 14 [275/625] done=275
[worker 7] rollout 13 [502/625] done=500
[worker 5] rollout 14 [250/625] done=250
[worker 4] rollout 13 [477/625] done=475
[worker 2] rollout 14 [600/625] done=600
[worker 3] rollout 14 [425/625] done=425
[worker 6] rollout 14 [275/625] done=275
[worker 0] rollout 13 [301/625] done=300
[worker 1] rollout 14 [300/625] done=300
[worker 7] rollout 13 [527/625] done=525
[worker 5] rollout 14 [275/625] done=275
[worker 4] rollout 13 [502/625] done=500
[worker 2] rollout 14 [625/625] done=625
[worker 6] rollout 14 [300/625] done=300
[worker 3] rollout 14 [450/625] done=450
[worker 0] rollout 13 [326/625] done=325
[worker 2] rollout 14: saved 625 records / 23314 preds -> runs/coco/internvl_image/features/rollout14/shard2.pt
[worker 1] rollout 14 [325/625] done=325
[worker 7] rollout 13 [552/625] done=550
[worker 5] rollout 14 [300/625] done=300
[worker 4] rollout 13 [527/625] done=525
[worker 6] rollout 14 [325/625] done=325
[worker 3] rollout 14 [475/625] done=475
[worker 2] rollout 15 [25/625] done=25
[worker 0] rollout 13 [351/625] done=350
[worker 7] rollout 13 [577/625] done=575
[worker 1] rollout 14 [350/625] done=350
[worker 5] rollout 14 [325/625] done=325
[worker 4] rollout 13 [552/625] done=550
[worker 6] rollout 14 [350/625] done=350
[worker 2] rollout 15 [50/625] done=50
[worker 3] rollout 14 [500/625] done=500
[worker 0] rollout 13 [376/625] done=375
[worker 7] rollout 13 [603/625] done=600
[worker 1] rollout 14 [375/625] done=375
[worker 5] rollout 14 [350/625] done=350
[worker 4] rollout 13 [577/625] done=575
[worker 6] rollout 14 [375/625] done=375
[worker 0] rollout 13 [401/625] done=400
[worker 2] rollout 15 [75/625] done=75
[worker 3] rollout 14 [525/625] done=525
[worker 1] rollout 14 [400/625] done=400
[worker 5] rollout 14 [375/625] done=375
[worker 6] rollout 14 [400/625] done=400
[worker 7] rollout 13: saved 622 records / 22151 preds -> runs/coco/internvl_image/features/rollout13/shard7.pt
[worker 4] rollout 13 [602/625] done=600
[worker 3] rollout 14 [550/625] done=550
[worker 0] rollout 13 [426/625] done=425
[worker 2] rollout 15 [100/625] done=100
[worker 1] rollout 14 [425/625] done=425
[worker 5] rollout 14 [400/625] done=400
[worker 7] rollout 14 [25/625] done=25
[worker 6] rollout 14 [425/625] done=425
[worker 2] rollout 15 [125/625] done=125
[worker 3] rollout 14 [575/625] done=575
[worker 1] rollout 14 [450/625] done=450
[worker 0] rollout 13 [451/625] done=450
[worker 4] rollout 13: saved 623 records / 20783 preds -> runs/coco/internvl_image/features/rollout13/shard4.pt
[worker 5] rollout 14 [425/625] done=425
[worker 7] rollout 14 [50/625] done=50
[worker 3] rollout 14 [600/625] done=600
[worker 6] rollout 14 [450/625] done=450
[worker 2] rollout 15 [150/625] done=150
[worker 1] rollout 14 [475/625] done=475
[worker 4] rollout 14 [25/625] done=25
[worker 0] rollout 13 [476/625] done=475
[worker 5] rollout 14 [450/625] done=450
[worker 7] rollout 14 [75/625] done=75
[worker 3] rollout 14 [625/625] done=625
[worker 2] rollout 15 [175/625] done=175
[worker 1] rollout 14 [500/625] done=500
[worker 6] rollout 14 [475/625] done=475
[worker 3] rollout 14: saved 625 records / 21133 preds -> runs/coco/internvl_image/features/rollout14/shard3.pt
[worker 4] rollout 14 [50/625] done=50
[worker 0] rollout 13 [501/625] done=500
[worker 7] rollout 14 [100/625] done=100
[worker 2] rollout 15 [200/625] done=200
[worker 5] rollout 14 [475/625] done=475
[worker 1] rollout 14 [525/625] done=525
[worker 6] rollout 14 [500/625] done=500
[worker 4] rollout 14 [75/625] done=75
[worker 0] rollout 13 [526/625] done=525
[worker 3] rollout 15 [25/625] done=25
[worker 2] rollout 15 [225/625] done=225
[worker 7] rollout 14 [125/625] done=125
[worker 5] rollout 14 [500/625] done=500
[worker 0] rollout 13 [551/625] done=550
[worker 4] rollout 14 [100/625] done=100
[worker 3] rollout 15 [50/625] done=50
[worker 6] rollout 14 [525/625] done=525
[worker 1] rollout 14 [550/625] done=550
[worker 2] rollout 15 [250/625] done=250
[worker 7] rollout 14 [150/625] done=150
[worker 5] rollout 14 [525/625] done=525
[worker 4] rollout 14 [125/625] done=125
[worker 0] rollout 13 [576/625] done=575
[worker 3] rollout 15 [75/625] done=75
[worker 1] rollout 14 [575/625] done=575
[worker 6] rollout 14 [550/625] done=550
[worker 7] rollout 14 [175/625] done=175
[worker 2] rollout 15 [275/625] done=275
[worker 5] rollout 14 [550/625] done=550
[worker 4] rollout 14 [150/625] done=150
[worker 3] rollout 15 [100/625] done=100
[worker 1] rollout 14 [600/625] done=600
[worker 0] rollout 13 [601/625] done=600
[worker 6] rollout 14 [575/625] done=575
[worker 7] rollout 14 [200/625] done=200
[worker 2] rollout 15 [300/625] done=300
[worker 3] rollout 15 [126/625] done=125
[worker 4] rollout 14 [175/625] done=175
[worker 5] rollout 14 [575/625] done=575
[worker 1] rollout 14 [625/625] done=625
[worker 2] rollout 15 [325/625] done=325
[worker 6] rollout 14 [600/625] done=600
[worker 1] rollout 14: saved 625 records / 21440 preds -> runs/coco/internvl_image/features/rollout14/shard1.pt
[worker 4] rollout 14 [200/625] done=200
[worker 7] rollout 14 [225/625] done=225
[worker 3] rollout 15 [151/625] done=150
[worker 5] rollout 14 [600/625] done=600
[worker 0] rollout 13: saved 624 records / 19032 preds -> runs/coco/internvl_image/features/rollout13/shard0.pt
[worker 1] rollout 15 [25/625] done=25
[worker 2] rollout 15 [351/625] done=350
[worker 6] rollout 14 [625/625] done=625
[worker 4] rollout 14 [225/625] done=225
[worker 7] rollout 14 [250/625] done=250
[worker 3] rollout 15 [176/625] done=175
[worker 6] rollout 14: saved 625 records / 21567 preds -> runs/coco/internvl_image/features/rollout14/shard6.pt
[worker 5] rollout 14 [625/625] done=625
[worker 2] rollout 15 [376/625] done=375
[worker 1] rollout 15 [50/625] done=50
[worker 4] rollout 14 [250/625] done=250
[worker 0] rollout 14 [25/625] done=25
[worker 5] rollout 14: saved 625 records / 22836 preds -> runs/coco/internvl_image/features/rollout14/shard5.pt
[worker 3] rollout 15 [201/625] done=200
[worker 6] rollout 15 [25/625] done=25
[worker 1] rollout 15 [75/625] done=75
[worker 7] rollout 14 [275/625] done=275
[worker 2] rollout 15 [401/625] done=400
[worker 5] rollout 15 [25/625] done=25
[worker 4] rollout 14 [275/625] done=275
[worker 0] rollout 14 [50/625] done=50
[worker 3] rollout 15 [226/625] done=225
[worker 6] rollout 15 [50/625] done=50
[worker 1] rollout 15 [100/625] done=100
[worker 5] rollout 15 [50/625] done=50
[worker 7] rollout 14 [300/625] done=300
[worker 3] rollout 15 [251/625] done=250
[worker 6] rollout 15 [75/625] done=75
[worker 4] rollout 14 [300/625] done=300
[worker 2] rollout 15 [426/625] done=425
[worker 0] rollout 14 [75/625] done=75
[worker 1] rollout 15 [125/625] done=125
[worker 5] rollout 15 [75/625] done=75
[worker 7] rollout 14 [325/625] done=325
[worker 6] rollout 15 [100/625] done=100
[worker 3] rollout 15 [276/625] done=275
[worker 2] rollout 15 [451/625] done=450
[worker 4] rollout 14 [325/625] done=325
[worker 0] rollout 14 [100/625] done=100
[worker 1] rollout 15 [150/625] done=150
[worker 5] rollout 15 [100/625] done=100
[worker 3] rollout 15 [301/625] done=300
[worker 7] rollout 14 [350/625] done=350
[worker 6] rollout 15 [125/625] done=125
[worker 1] rollout 15 [175/625] done=175
[worker 0] rollout 14 [125/625] done=125
[worker 2] rollout 15 [476/625] done=475
[worker 5] rollout 15 [125/625] done=125
[worker 4] rollout 14 [350/625] done=350
[worker 6] rollout 15 [150/625] done=150
[worker 3] rollout 15 [326/625] done=325
[worker 7] rollout 14 [375/625] done=375
[worker 1] rollout 15 [200/625] done=200
[worker 5] rollout 15 [150/625] done=150
[worker 4] rollout 14 [375/625] done=375
[worker 0] rollout 14 [150/625] done=150
[worker 6] rollout 15 [175/625] done=175
[worker 2] rollout 15 [501/625] done=500
[worker 3] rollout 15 [351/625] done=350
[worker 7] rollout 14 [400/625] done=400
[worker 1] rollout 15 [225/625] done=225
[worker 5] rollout 15 [175/625] done=175
[worker 4] rollout 14 [400/625] done=400
[worker 3] rollout 15 [376/625] done=375
[worker 6] rollout 15 [200/625] done=200
[worker 0] rollout 14 [175/625] done=175
[worker 2] rollout 15 [526/625] done=525
[worker 7] rollout 14 [425/625] done=425
[worker 1] rollout 15 [250/625] done=250
[worker 5] rollout 15 [200/625] done=200
[worker 4] rollout 14 [425/625] done=425
[worker 3] rollout 15 [401/625] done=400
[worker 6] rollout 15 [225/625] done=225
[worker 0] rollout 14 [200/625] done=200
[worker 2] rollout 15 [551/625] done=550
[worker 1] rollout 15 [275/625] done=275
[worker 7] rollout 14 [450/625] done=450
[worker 5] rollout 15 [225/625] done=225
[worker 6] rollout 15 [250/625] done=250
[worker 4] rollout 14 [450/625] done=450
[worker 3] rollout 15 [426/625] done=425
[worker 0] rollout 14 [225/625] done=225
[worker 2] rollout 15 [576/625] done=575
[worker 1] rollout 15 [300/625] done=300
[worker 5] rollout 15 [250/625] done=250
[worker 7] rollout 14 [475/625] done=475
[worker 6] rollout 15 [275/625] done=275
[worker 3] rollout 15 [451/625] done=450
[worker 4] rollout 14 [475/625] done=475
[worker 1] rollout 15 [325/625] done=325
[worker 2] rollout 15 [601/625] done=600
[worker 5] rollout 15 [275/625] done=275
[worker 0] rollout 14 [250/625] done=250
[worker 7] rollout 14 [500/625] done=500
[worker 4] rollout 14 [500/625] done=500
[worker 3] rollout 15 [476/625] done=475
[worker 6] rollout 15 [300/625] done=300
[worker 1] rollout 15 [350/625] done=350
[worker 5] rollout 15 [300/625] done=300
[worker 0] rollout 14 [275/625] done=275
[worker 7] rollout 14 [525/625] done=525
[worker 2] rollout 15: saved 624 records / 20732 preds -> runs/coco/internvl_image/features/rollout15/shard2.pt
[worker 3] rollout 15 [501/625] done=500
[worker 4] rollout 14 [525/625] done=525
[worker 1] rollout 15 [375/625] done=375
[worker 6] rollout 15 [325/625] done=325
[worker 5] rollout 15 [325/625] done=325
[worker 7] rollout 14 [550/625] done=550
[worker 0] rollout 14 [300/625] done=300
[worker 4] rollout 14 [550/625] done=550
[worker 3] rollout 15 [526/625] done=525
[worker 1] rollout 15 [400/625] done=400
[worker 6] rollout 15 [350/625] done=350
[worker 5] rollout 15 [350/625] done=350
[worker 7] rollout 14 [575/625] done=575
[worker 0] rollout 14 [325/625] done=325
[worker 3] rollout 15 [551/625] done=550
[worker 4] rollout 14 [575/625] done=575
[worker 1] rollout 15 [425/625] done=425
[worker 6] rollout 15 [375/625] done=375
[worker 7] rollout 14 [600/625] done=600
[worker 5] rollout 15 [375/625] done=375
[worker 3] rollout 15 [576/625] done=575
[worker 4] rollout 14 [600/625] done=600
[worker 1] rollout 15 [450/625] done=450
[worker 6] rollout 15 [400/625] done=400
[worker 0] rollout 14 [351/625] done=350
[worker 5] rollout 15 [400/625] done=400
[worker 3] rollout 15 [601/625] done=600
[worker 4] rollout 14 [625/625] done=625
[worker 1] rollout 15 [475/625] done=475
[worker 7] rollout 14: saved 624 records / 22993 preds -> runs/coco/internvl_image/features/rollout14/shard7.pt
[worker 6] rollout 15 [425/625] done=425
[worker 0] rollout 14 [376/625] done=375
[worker 5] rollout 15 [425/625] done=425
[worker 4] rollout 14: saved 625 records / 24046 preds -> runs/coco/internvl_image/features/rollout14/shard4.pt
[worker 7] rollout 15 [25/625] done=25
[worker 3] rollout 15: saved 624 records / 19396 preds -> runs/coco/internvl_image/features/rollout15/shard3.pt
[worker 1] rollout 15 [500/625] done=500
[worker 6] rollout 15 [450/625] done=450
[worker 4] rollout 15 [25/625] done=25
[worker 5] rollout 15 [450/625] done=450
[worker 0] rollout 14 [401/625] done=400
[worker 7] rollout 15 [50/625] done=50
[worker 1] rollout 15 [525/625] done=525
[worker 4] rollout 15 [50/625] done=50
[worker 6] rollout 15 [475/625] done=475
[worker 5] rollout 15 [475/625] done=475
[worker 0] rollout 14 [426/625] done=425
[worker 7] rollout 15 [75/625] done=75
[worker 1] rollout 15 [550/625] done=550
[worker 4] rollout 15 [75/625] done=75
[worker 6] rollout 15 [500/625] done=500
[worker 5] rollout 15 [500/625] done=500
[worker 4] rollout 15 [100/625] done=100
[worker 0] rollout 14 [451/625] done=450
[worker 7] rollout 15 [100/625] done=100
[worker 1] rollout 15 [575/625] done=575
[worker 6] rollout 15 [526/625] done=525
[worker 5] rollout 15 [525/625] done=525
[worker 4] rollout 15 [125/625] done=125
[worker 7] rollout 15 [125/625] done=125
[worker 1] rollout 15 [600/625] done=600
[worker 6] rollout 15 [551/625] done=550
[worker 0] rollout 14 [476/625] done=475
[worker 5] rollout 15 [550/625] done=550
[worker 4] rollout 15 [150/625] done=150
[worker 7] rollout 15 [151/625] done=150
[worker 1] rollout 15 [625/625] done=625
[worker 6] rollout 15 [576/625] done=575
[worker 5] rollout 15 [575/625] done=575
[worker 0] rollout 14 [501/625] done=500
[worker 1] rollout 15: saved 625 records / 21114 preds -> runs/coco/internvl_image/features/rollout15/shard1.pt
[worker 4] rollout 15 [175/625] done=175
[worker 7] rollout 15 [176/625] done=175
[worker 6] rollout 15 [601/625] done=600
[worker 5] rollout 15 [600/625] done=600
[worker 4] rollout 15 [200/625] done=200
[worker 0] rollout 14 [526/625] done=525
[worker 7] rollout 15 [201/625] done=200
[worker 4] rollout 15 [225/625] done=225
[worker 5] rollout 15 [625/625] done=625
[worker 6] rollout 15: saved 624 records / 21187 preds -> runs/coco/internvl_image/features/rollout15/shard6.pt
[worker 0] rollout 14 [551/625] done=550
[worker 5] rollout 15: saved 625 records / 19592 preds -> runs/coco/internvl_image/features/rollout15/shard5.pt
[worker 7] rollout 15 [226/625] done=225
[worker 4] rollout 15 [250/625] done=250
[worker 7] rollout 15 [251/625] done=250
[worker 0] rollout 14 [576/625] done=575
[worker 4] rollout 15 [275/625] done=275
[worker 4] rollout 15 [300/625] done=300
[worker 0] rollout 14 [601/625] done=600
[worker 7] rollout 15 [276/625] done=275
[worker 4] rollout 15 [325/625] done=325
[worker 7] rollout 15 [301/625] done=300
[worker 0] rollout 14: saved 623 records / 21502 preds -> runs/coco/internvl_image/features/rollout14/shard0.pt
[worker 4] rollout 15 [350/625] done=350
[worker 7] rollout 15 [326/625] done=325
[worker 0] rollout 15 [25/625] done=25
[worker 4] rollout 15 [375/625] done=375
[worker 7] rollout 15 [351/625] done=350
[worker 0] rollout 15 [50/625] done=50
[worker 4] rollout 15 [400/625] done=400
[worker 0] rollout 15 [75/625] done=75
[worker 7] rollout 15 [376/625] done=375
[worker 0] rollout 15 [100/625] done=100
[worker 4] rollout 15 [425/625] done=425
[worker 7] rollout 15 [401/625] done=400
[worker 0] rollout 15 [125/625] done=125
[worker 4] rollout 15 [450/625] done=450
[worker 7] rollout 15 [426/625] done=425
[worker 4] rollout 15 [475/625] done=475
[worker 0] rollout 15 [150/625] done=150
[worker 7] rollout 15 [451/625] done=450
[worker 0] rollout 15 [175/625] done=175
[worker 4] rollout 15 [500/625] done=500
[worker 0] rollout 15 [200/625] done=200
[worker 4] rollout 15 [525/625] done=525
[worker 7] rollout 15 [476/625] done=475
[worker 0] rollout 15 [225/625] done=225
[worker 4] rollout 15 [550/625] done=550
[worker 7] rollout 15 [501/625] done=500
[worker 0] rollout 15 [250/625] done=250
[worker 4] rollout 15 [575/625] done=575
[worker 7] rollout 15 [526/625] done=525
[worker 0] rollout 15 [275/625] done=275
[worker 4] rollout 15 [600/625] done=600
[worker 7] rollout 15 [551/625] done=550
[worker 0] rollout 15 [300/625] done=300
[worker 4] rollout 15 [625/625] done=625
[worker 4] rollout 15: saved 625 records / 22043 preds -> runs/coco/internvl_image/features/rollout15/shard4.pt
[worker 7] rollout 15 [576/625] done=575
[worker 0] rollout 15 [325/625] done=325
[worker 7] rollout 15 [601/625] done=600
[worker 0] rollout 15 [350/625] done=350
[worker 0] rollout 15 [375/625] done=375
[worker 7] rollout 15: saved 624 records / 22521 preds -> runs/coco/internvl_image/features/rollout15/shard7.pt
[worker 0] rollout 15 [400/625] done=400
[worker 0] rollout 15 [425/625] done=425
[worker 0] rollout 15 [450/625] done=450
[worker 0] rollout 15 [475/625] done=475
[worker 0] rollout 15 [500/625] done=500
[worker 0] rollout 15 [525/625] done=525
[worker 0] rollout 15 [550/625] done=550
[worker 0] rollout 15 [575/625] done=575
[worker 0] rollout 15 [600/625] done=600
[worker 0] rollout 15 [625/625] done=625
[worker 0] rollout 15: saved 625 records / 19136 preds -> runs/coco/internvl_image/features/rollout15/shard0.pt
[extract] done: extracted 16 rollout(s) -> runs/coco/internvl_image/features
